ISO-10303-21;
HEADER;
FILE_DESCRIPTION(('FreeCAD Model'),'2;1');
FILE_NAME('Open CASCADE Shape Model','2026-10-07T00:07:21',('Author'),(
    ''),'Open CASCADE STEP processor 7.8','FreeCAD','Unknown');
FILE_SCHEMA(('AUTOMOTIVE_DESIGN { 1 0 10303 214 1 1 1 1 }'));
ENDSEC;
DATA;
#1 = APPLICATION_PROTOCOL_DEFINITION('international standard',
  'automotive_design',2000,#2);
#2 = APPLICATION_CONTEXT(
  'core data for automotive mechanical design processes');
#3 = SHAPE_DEFINITION_REPRESENTATION(#4,#10);
#4 = PRODUCT_DEFINITION_SHAPE('','',#5);
#5 = PRODUCT_DEFINITION('design','',#6,#9);
#6 = PRODUCT_DEFINITION_FORMATION('','',#7);
#7 = PRODUCT('UpperSandwhichHist001','UpperSandwhichHist001','',(#8));
#8 = PRODUCT_CONTEXT('',#2,'mechanical');
#9 = PRODUCT_DEFINITION_CONTEXT('part definition',#2,'design');
#10 = ADVANCED_BREP_SHAPE_REPRESENTATION('',(#11,#15),#4937);
#11 = AXIS2_PLACEMENT_3D('',#12,#13,#14);
#12 = CARTESIAN_POINT('',(0.,0.,0.));
#13 = DIRECTION('',(0.,0.,1.));
#14 = DIRECTION('',(1.,0.,-0.));
#15 = MANIFOLD_SOLID_BREP('',#16);
#16 = CLOSED_SHELL('',(#17,#57,#90,#123,#314,#1437,#1454,#1471,#1488,
    #1505,#1517,#1539,#1556,#1573,#1590,#1607,#1624,#1641,#1653,#1675,
    #1692,#1709,#1726,#1743,#1760,#1777,#1789,#1820,#1844,#1868,#1892,
    #1916,#1940,#1964,#1981,#2012,#2036,#2060,#2084,#2108,#2132,#2156,
    #2173,#2204,#2228,#2252,#2276,#2300,#2324,#2348,#2372,#2396,#2420,
    #2444,#2468,#2492,#2509,#2540,#2564,#2588,#2612,#2636,#2660,#2684,
    #2708,#2732,#2749,#2780,#2804,#2828,#2852,#2876,#2900,#2924,#2948,
    #2972,#2996,#3020,#3037,#3068,#3092,#3116,#3140,#3164,#3188,#3212,
    #3236,#3260,#3284,#3308,#3325,#3356,#3380,#3404,#3428,#3452,#3476,
    #3500,#3524,#3548,#3572,#3596,#3613,#3644,#3668,#3692,#3716,#3740,
    #3764,#3788,#3812,#3836,#3853,#3884,#3908,#3932,#3956,#3980,#4004,
    #4028,#4052,#4076,#4100,#4124,#4148,#4172,#4196,#4220,#4244,#4268,
    #4292,#4316,#4333,#4364,#4388,#4412,#4436,#4460,#4484,#4508,#4525,
    #4541,#4583,#4605,#4623,#4643,#4663,#4683,#4701,#4729,#4771,#4802,
    #4826,#4843,#4874,#4898,#4915,#4926));
#17 = ADVANCED_FACE('',(#18),#52,.F.);
#18 = FACE_BOUND('',#19,.F.);
#19 = EDGE_LOOP('',(#20,#30,#38,#46));
#20 = ORIENTED_EDGE('',*,*,#21,.T.);
#21 = EDGE_CURVE('',#22,#24,#26,.T.);
#22 = VERTEX_POINT('',#23);
#23 = CARTESIAN_POINT('',(84.657295,-170.567556,0.));
#24 = VERTEX_POINT('',#25);
#25 = CARTESIAN_POINT('',(84.657295,-170.567556,5.));
#26 = LINE('',#27,#28);
#27 = CARTESIAN_POINT('',(84.657295,-170.567556,0.));
#28 = VECTOR('',#29,1.);
#29 = DIRECTION('',(0.,0.,1.));
#30 = ORIENTED_EDGE('',*,*,#31,.T.);
#31 = EDGE_CURVE('',#24,#32,#34,.T.);
#32 = VERTEX_POINT('',#33);
#33 = CARTESIAN_POINT('',(84.657295,-296.882935,5.));
#34 = LINE('',#35,#36);
#35 = CARTESIAN_POINT('',(84.657295,-170.567556,5.));
#36 = VECTOR('',#37,1.);
#37 = DIRECTION('',(0.,-1.,0.));
#38 = ORIENTED_EDGE('',*,*,#39,.F.);
#39 = EDGE_CURVE('',#40,#32,#42,.T.);
#40 = VERTEX_POINT('',#41);
#41 = CARTESIAN_POINT('',(84.657295,-296.882935,0.));
#42 = LINE('',#43,#44);
#43 = CARTESIAN_POINT('',(84.657295,-296.882935,0.));
#44 = VECTOR('',#45,1.);
#45 = DIRECTION('',(0.,0.,1.));
#46 = ORIENTED_EDGE('',*,*,#47,.F.);
#47 = EDGE_CURVE('',#22,#40,#48,.T.);
#48 = LINE('',#49,#50);
#49 = CARTESIAN_POINT('',(84.657295,-170.567556,0.));
#50 = VECTOR('',#51,1.);
#51 = DIRECTION('',(0.,-1.,0.));
#52 = PLANE('',#53);
#53 = AXIS2_PLACEMENT_3D('',#54,#55,#56);
#54 = CARTESIAN_POINT('',(84.657295,-170.567556,0.));
#55 = DIRECTION('',(1.,0.,0.));
#56 = DIRECTION('',(0.,-1.,0.));
#57 = ADVANCED_FACE('',(#58),#85,.T.);
#58 = FACE_BOUND('',#59,.F.);
#59 = EDGE_LOOP('',(#60,#70,#77,#78));
#60 = ORIENTED_EDGE('',*,*,#61,.T.);
#61 = EDGE_CURVE('',#62,#64,#66,.T.);
#62 = VERTEX_POINT('',#63);
#63 = CARTESIAN_POINT('',(95.657295,-159.567556,0.));
#64 = VERTEX_POINT('',#65);
#65 = CARTESIAN_POINT('',(95.657295,-159.567556,5.));
#66 = LINE('',#67,#68);
#67 = CARTESIAN_POINT('',(95.657295,-159.567556,0.));
#68 = VECTOR('',#69,1.);
#69 = DIRECTION('',(0.,0.,1.));
#70 = ORIENTED_EDGE('',*,*,#71,.T.);
#71 = EDGE_CURVE('',#64,#24,#72,.T.);
#72 = CIRCLE('',#73,11.);
#73 = AXIS2_PLACEMENT_3D('',#74,#75,#76);
#74 = CARTESIAN_POINT('',(95.657295,-170.567556,5.));
#75 = DIRECTION('',(0.,0.,1.));
#76 = DIRECTION('',(1.,0.,0.));
#77 = ORIENTED_EDGE('',*,*,#21,.F.);
#78 = ORIENTED_EDGE('',*,*,#79,.F.);
#79 = EDGE_CURVE('',#62,#22,#80,.T.);
#80 = CIRCLE('',#81,11.);
#81 = AXIS2_PLACEMENT_3D('',#82,#83,#84);
#82 = CARTESIAN_POINT('',(95.657295,-170.567556,0.));
#83 = DIRECTION('',(0.,0.,1.));
#84 = DIRECTION('',(1.,0.,0.));
#85 = CYLINDRICAL_SURFACE('',#86,11.);
#86 = AXIS2_PLACEMENT_3D('',#87,#88,#89);
#87 = CARTESIAN_POINT('',(95.657295,-170.567556,0.));
#88 = DIRECTION('',(-0.,-0.,-1.));
#89 = DIRECTION('',(1.,0.,0.));
#90 = ADVANCED_FACE('',(#91),#118,.T.);
#91 = FACE_BOUND('',#92,.F.);
#92 = EDGE_LOOP('',(#93,#94,#103,#111));
#93 = ORIENTED_EDGE('',*,*,#39,.T.);
#94 = ORIENTED_EDGE('',*,*,#95,.T.);
#95 = EDGE_CURVE('',#32,#96,#98,.T.);
#96 = VERTEX_POINT('',#97);
#97 = CARTESIAN_POINT('',(95.657295,-307.882935,5.));
#98 = CIRCLE('',#99,11.);
#99 = AXIS2_PLACEMENT_3D('',#100,#101,#102);
#100 = CARTESIAN_POINT('',(95.657295,-296.882935,5.));
#101 = DIRECTION('',(0.,0.,1.));
#102 = DIRECTION('',(1.,0.,0.));
#103 = ORIENTED_EDGE('',*,*,#104,.F.);
#104 = EDGE_CURVE('',#105,#96,#107,.T.);
#105 = VERTEX_POINT('',#106);
#106 = CARTESIAN_POINT('',(95.657295,-307.882935,0.));
#107 = LINE('',#108,#109);
#108 = CARTESIAN_POINT('',(95.657295,-307.882935,0.));
#109 = VECTOR('',#110,1.);
#110 = DIRECTION('',(0.,0.,1.));
#111 = ORIENTED_EDGE('',*,*,#112,.F.);
#112 = EDGE_CURVE('',#40,#105,#113,.T.);
#113 = CIRCLE('',#114,11.);
#114 = AXIS2_PLACEMENT_3D('',#115,#116,#117);
#115 = CARTESIAN_POINT('',(95.657295,-296.882935,0.));
#116 = DIRECTION('',(0.,0.,1.));
#117 = DIRECTION('',(1.,0.,0.));
#118 = CYLINDRICAL_SURFACE('',#119,11.);
#119 = AXIS2_PLACEMENT_3D('',#120,#121,#122);
#120 = CARTESIAN_POINT('',(95.657295,-296.882935,0.));
#121 = DIRECTION('',(-0.,-0.,-1.));
#122 = DIRECTION('',(1.,0.,0.));
#123 = ADVANCED_FACE('',(#124,#169,#239),#309,.F.);
#124 = FACE_BOUND('',#125,.F.);
#125 = EDGE_LOOP('',(#126,#127,#128,#136,#145,#153,#162,#168));
#126 = ORIENTED_EDGE('',*,*,#47,.T.);
#127 = ORIENTED_EDGE('',*,*,#112,.T.);
#128 = ORIENTED_EDGE('',*,*,#129,.T.);
#129 = EDGE_CURVE('',#105,#130,#132,.T.);
#130 = VERTEX_POINT('',#131);
#131 = CARTESIAN_POINT('',(401.229146,-307.882935,0.));
#132 = LINE('',#133,#134);
#133 = CARTESIAN_POINT('',(95.657295,-307.882935,0.));
#134 = VECTOR('',#135,1.);
#135 = DIRECTION('',(1.,0.,0.));
#136 = ORIENTED_EDGE('',*,*,#137,.T.);
#137 = EDGE_CURVE('',#130,#138,#140,.T.);
#138 = VERTEX_POINT('',#139);
#139 = CARTESIAN_POINT('',(412.22914599999,-296.882935,0.));
#140 = CIRCLE('',#141,11.);
#141 = AXIS2_PLACEMENT_3D('',#142,#143,#144);
#142 = CARTESIAN_POINT('',(401.229146,-296.882935,0.));
#143 = DIRECTION('',(0.,0.,1.));
#144 = DIRECTION('',(1.,0.,0.));
#145 = ORIENTED_EDGE('',*,*,#146,.T.);
#146 = EDGE_CURVE('',#138,#147,#149,.T.);
#147 = VERTEX_POINT('',#148);
#148 = CARTESIAN_POINT('',(412.229146,-170.567556,0.));
#149 = LINE('',#150,#151);
#150 = CARTESIAN_POINT('',(412.22914599999,-296.882935,0.));
#151 = VECTOR('',#152,1.);
#152 = DIRECTION('',(4.05E-15,1.,0.));
#153 = ORIENTED_EDGE('',*,*,#154,.T.);
#154 = EDGE_CURVE('',#147,#155,#157,.T.);
#155 = VERTEX_POINT('',#156);
#156 = CARTESIAN_POINT('',(401.229146,-159.567556,0.));
#157 = CIRCLE('',#158,11.);
#158 = AXIS2_PLACEMENT_3D('',#159,#160,#161);
#159 = CARTESIAN_POINT('',(401.229146,-170.567556,0.));
#160 = DIRECTION('',(0.,0.,1.));
#161 = DIRECTION('',(1.,0.,0.));
#162 = ORIENTED_EDGE('',*,*,#163,.T.);
#163 = EDGE_CURVE('',#155,#62,#164,.T.);
#164 = LINE('',#165,#166);
#165 = CARTESIAN_POINT('',(401.229146,-159.567556,0.));
#166 = VECTOR('',#167,1.);
#167 = DIRECTION('',(-1.,-9.3E-16,0.));
#168 = ORIENTED_EDGE('',*,*,#79,.T.);
#169 = FACE_BOUND('',#170,.T.);
#170 = EDGE_LOOP('',(#171,#181,#190,#198,#207,#215,#224,#232));
#171 = ORIENTED_EDGE('',*,*,#172,.T.);
#172 = EDGE_CURVE('',#173,#175,#177,.T.);
#173 = VERTEX_POINT('',#174);
#174 = CARTESIAN_POINT('',(98.957779,-198.438828,0.));
#175 = VERTEX_POINT('',#176);
#176 = CARTESIAN_POINT('',(98.957779,-294.595764,0.));
#177 = LINE('',#178,#179);
#178 = CARTESIAN_POINT('',(98.957779,-198.438828,0.));
#179 = VECTOR('',#180,1.);
#180 = DIRECTION('',(0.,-1.,0.));
#181 = ORIENTED_EDGE('',*,*,#182,.T.);
#182 = EDGE_CURVE('',#175,#183,#185,.T.);
#183 = VERTEX_POINT('',#184);
#184 = CARTESIAN_POINT('',(102.957779,-298.595764,0.));
#185 = CIRCLE('',#186,4.);
#186 = AXIS2_PLACEMENT_3D('',#187,#188,#189);
#187 = CARTESIAN_POINT('',(102.957779,-294.595764,0.));
#188 = DIRECTION('',(0.,0.,1.));
#189 = DIRECTION('',(1.,0.,0.));
#190 = ORIENTED_EDGE('',*,*,#191,.T.);
#191 = EDGE_CURVE('',#183,#192,#194,.T.);
#192 = VERTEX_POINT('',#193);
#193 = CARTESIAN_POINT('',(389.45010792153,-298.595764,0.));
#194 = LINE('',#195,#196);
#195 = CARTESIAN_POINT('',(102.957779,-298.595764,0.));
#196 = VECTOR('',#197,1.);
#197 = DIRECTION('',(1.,0.,0.));
#198 = ORIENTED_EDGE('',*,*,#199,.T.);
#199 = EDGE_CURVE('',#192,#200,#202,.T.);
#200 = VERTEX_POINT('',#201);
#201 = CARTESIAN_POINT('',(393.45010792153,-294.595764,0.));
#202 = CIRCLE('',#203,4.);
#203 = AXIS2_PLACEMENT_3D('',#204,#205,#206);
#204 = CARTESIAN_POINT('',(389.45010792153,-294.595764,0.));
#205 = DIRECTION('',(0.,0.,1.));
#206 = DIRECTION('',(1.,0.,0.));
#207 = ORIENTED_EDGE('',*,*,#208,.T.);
#208 = EDGE_CURVE('',#200,#209,#211,.T.);
#209 = VERTEX_POINT('',#210);
#210 = CARTESIAN_POINT('',(393.45010792153,-198.438828,0.));
#211 = LINE('',#212,#213);
#212 = CARTESIAN_POINT('',(393.45010792153,-294.595764,0.));
#213 = VECTOR('',#214,1.);
#214 = DIRECTION('',(1.77E-15,1.,0.));
#215 = ORIENTED_EDGE('',*,*,#216,.T.);
#216 = EDGE_CURVE('',#209,#217,#219,.T.);
#217 = VERTEX_POINT('',#218);
#218 = CARTESIAN_POINT('',(389.45010792153,-194.438828,0.));
#219 = CIRCLE('',#220,4.);
#220 = AXIS2_PLACEMENT_3D('',#221,#222,#223);
#221 = CARTESIAN_POINT('',(389.45010792153,-198.438828,0.));
#222 = DIRECTION('',(0.,0.,1.));
#223 = DIRECTION('',(1.,0.,0.));
#224 = ORIENTED_EDGE('',*,*,#225,.T.);
#225 = EDGE_CURVE('',#217,#226,#228,.T.);
#226 = VERTEX_POINT('',#227);
#227 = CARTESIAN_POINT('',(102.957779,-194.438828,0.));
#228 = LINE('',#229,#230);
#229 = CARTESIAN_POINT('',(389.45010792153,-194.438828,0.));
#230 = VECTOR('',#231,1.);
#231 = DIRECTION('',(-1.,0.,0.));
#232 = ORIENTED_EDGE('',*,*,#233,.T.);
#233 = EDGE_CURVE('',#226,#173,#234,.T.);
#234 = CIRCLE('',#235,4.);
#235 = AXIS2_PLACEMENT_3D('',#236,#237,#238);
#236 = CARTESIAN_POINT('',(102.957779,-198.438828,0.));
#237 = DIRECTION('',(0.,0.,1.));
#238 = DIRECTION('',(1.,0.,0.));
#239 = FACE_BOUND('',#240,.T.);
#240 = EDGE_LOOP('',(#241,#251,#260,#268,#277,#285,#294,#302));
#241 = ORIENTED_EDGE('',*,*,#242,.T.);
#242 = EDGE_CURVE('',#243,#245,#247,.T.);
#243 = VERTEX_POINT('',#244);
#244 = CARTESIAN_POINT('',(101.3429260098,-176.3896791732,0.));
#245 = VERTEX_POINT('',#246);
#246 = CARTESIAN_POINT('',(101.3429260098,-189.504135,0.));
#247 = LINE('',#248,#249);
#248 = CARTESIAN_POINT('',(101.3429260098,-176.3896791732,0.));
#249 = VECTOR('',#250,1.);
#250 = DIRECTION('',(0.,-1.,0.));
#251 = ORIENTED_EDGE('',*,*,#252,.T.);
#252 = EDGE_CURVE('',#245,#253,#255,.T.);
#253 = VERTEX_POINT('',#254);
#254 = CARTESIAN_POINT('',(101.8429260098,-190.004135,0.));
#255 = CIRCLE('',#256,0.5);
#256 = AXIS2_PLACEMENT_3D('',#257,#258,#259);
#257 = CARTESIAN_POINT('',(101.8429260098,-189.504135,0.));
#258 = DIRECTION('',(0.,0.,1.));
#259 = DIRECTION('',(1.,0.,0.));
#260 = ORIENTED_EDGE('',*,*,#261,.T.);
#261 = EDGE_CURVE('',#253,#262,#264,.T.);
#262 = VERTEX_POINT('',#263);
#263 = CARTESIAN_POINT('',(141.129395,-190.004135,0.));
#264 = LINE('',#265,#266);
#265 = CARTESIAN_POINT('',(101.8429260098,-190.004135,0.));
#266 = VECTOR('',#267,1.);
#267 = DIRECTION('',(1.,0.,0.));
#268 = ORIENTED_EDGE('',*,*,#269,.T.);
#269 = EDGE_CURVE('',#262,#270,#272,.T.);
#270 = VERTEX_POINT('',#271);
#271 = CARTESIAN_POINT('',(141.629395,-189.504135,0.));
#272 = CIRCLE('',#273,0.5);
#273 = AXIS2_PLACEMENT_3D('',#274,#275,#276);
#274 = CARTESIAN_POINT('',(141.129395,-189.504135,0.));
#275 = DIRECTION('',(0.,0.,1.));
#276 = DIRECTION('',(1.,0.,0.));
#277 = ORIENTED_EDGE('',*,*,#278,.T.);
#278 = EDGE_CURVE('',#270,#279,#281,.T.);
#279 = VERTEX_POINT('',#280);
#280 = CARTESIAN_POINT('',(141.629395,-176.3896791732,0.));
#281 = LINE('',#282,#283);
#282 = CARTESIAN_POINT('',(141.629395,-189.504135,0.));
#283 = VECTOR('',#284,1.);
#284 = DIRECTION('',(2.17E-15,1.,0.));
#285 = ORIENTED_EDGE('',*,*,#286,.T.);
#286 = EDGE_CURVE('',#279,#287,#289,.T.);
#287 = VERTEX_POINT('',#288);
#288 = CARTESIAN_POINT('',(141.129395,-175.8896791732,0.));
#289 = CIRCLE('',#290,0.5);
#290 = AXIS2_PLACEMENT_3D('',#291,#292,#293);
#291 = CARTESIAN_POINT('',(141.129395,-176.3896791732,0.));
#292 = DIRECTION('',(0.,0.,1.));
#293 = DIRECTION('',(1.,0.,0.));
#294 = ORIENTED_EDGE('',*,*,#295,.T.);
#295 = EDGE_CURVE('',#287,#296,#298,.T.);
#296 = VERTEX_POINT('',#297);
#297 = CARTESIAN_POINT('',(101.8429260098,-175.8896791732,0.));
#298 = LINE('',#299,#300);
#299 = CARTESIAN_POINT('',(141.129395,-175.8896791732,0.));
#300 = VECTOR('',#301,1.);
#301 = DIRECTION('',(-1.,0.,0.));
#302 = ORIENTED_EDGE('',*,*,#303,.T.);
#303 = EDGE_CURVE('',#296,#243,#304,.T.);
#304 = CIRCLE('',#305,0.5);
#305 = AXIS2_PLACEMENT_3D('',#306,#307,#308);
#306 = CARTESIAN_POINT('',(101.8429260098,-176.3896791732,0.));
#307 = DIRECTION('',(0.,0.,1.));
#308 = DIRECTION('',(1.,0.,0.));
#309 = PLANE('',#310);
#310 = AXIS2_PLACEMENT_3D('',#311,#312,#313);
#311 = CARTESIAN_POINT('',(239.99093582945,-236.2541038973,0.));
#312 = DIRECTION('',(0.,0.,1.));
#313 = DIRECTION('',(1.,0.,0.));
#314 = ADVANCED_FACE('',(#315,#360,#430,#500,#566,#632,#746,#828,#926,
    #1024,#1122,#1204,#1366),#1432,.T.);
#315 = FACE_BOUND('',#316,.T.);
#316 = EDGE_LOOP('',(#317,#318,#319,#327,#336,#344,#353,#359));
#317 = ORIENTED_EDGE('',*,*,#31,.T.);
#318 = ORIENTED_EDGE('',*,*,#95,.T.);
#319 = ORIENTED_EDGE('',*,*,#320,.T.);
#320 = EDGE_CURVE('',#96,#321,#323,.T.);
#321 = VERTEX_POINT('',#322);
#322 = CARTESIAN_POINT('',(401.229146,-307.882935,5.));
#323 = LINE('',#324,#325);
#324 = CARTESIAN_POINT('',(95.657295,-307.882935,5.));
#325 = VECTOR('',#326,1.);
#326 = DIRECTION('',(1.,0.,0.));
#327 = ORIENTED_EDGE('',*,*,#328,.T.);
#328 = EDGE_CURVE('',#321,#329,#331,.T.);
#329 = VERTEX_POINT('',#330);
#330 = CARTESIAN_POINT('',(412.22914599999,-296.882935,5.));
#331 = CIRCLE('',#332,11.);
#332 = AXIS2_PLACEMENT_3D('',#333,#334,#335);
#333 = CARTESIAN_POINT('',(401.229146,-296.882935,5.));
#334 = DIRECTION('',(0.,0.,1.));
#335 = DIRECTION('',(1.,0.,0.));
#336 = ORIENTED_EDGE('',*,*,#337,.T.);
#337 = EDGE_CURVE('',#329,#338,#340,.T.);
#338 = VERTEX_POINT('',#339);
#339 = CARTESIAN_POINT('',(412.229146,-170.567556,5.));
#340 = LINE('',#341,#342);
#341 = CARTESIAN_POINT('',(412.22914599999,-296.882935,5.));
#342 = VECTOR('',#343,1.);
#343 = DIRECTION('',(4.05E-15,1.,0.));
#344 = ORIENTED_EDGE('',*,*,#345,.T.);
#345 = EDGE_CURVE('',#338,#346,#348,.T.);
#346 = VERTEX_POINT('',#347);
#347 = CARTESIAN_POINT('',(401.229146,-159.567556,5.));
#348 = CIRCLE('',#349,11.);
#349 = AXIS2_PLACEMENT_3D('',#350,#351,#352);
#350 = CARTESIAN_POINT('',(401.229146,-170.567556,5.));
#351 = DIRECTION('',(0.,0.,1.));
#352 = DIRECTION('',(1.,0.,0.));
#353 = ORIENTED_EDGE('',*,*,#354,.T.);
#354 = EDGE_CURVE('',#346,#64,#355,.T.);
#355 = LINE('',#356,#357);
#356 = CARTESIAN_POINT('',(401.229146,-159.567556,5.));
#357 = VECTOR('',#358,1.);
#358 = DIRECTION('',(-1.,-9.3E-16,0.));
#359 = ORIENTED_EDGE('',*,*,#71,.T.);
#360 = FACE_BOUND('',#361,.T.);
#361 = EDGE_LOOP('',(#362,#372,#381,#389,#398,#406,#415,#423));
#362 = ORIENTED_EDGE('',*,*,#363,.F.);
#363 = EDGE_CURVE('',#364,#366,#368,.T.);
#364 = VERTEX_POINT('',#365);
#365 = CARTESIAN_POINT('',(98.957779,-198.438828,5.));
#366 = VERTEX_POINT('',#367);
#367 = CARTESIAN_POINT('',(98.957779,-294.595764,5.));
#368 = LINE('',#369,#370);
#369 = CARTESIAN_POINT('',(98.957779,-198.438828,5.));
#370 = VECTOR('',#371,1.);
#371 = DIRECTION('',(0.,-1.,0.));
#372 = ORIENTED_EDGE('',*,*,#373,.F.);
#373 = EDGE_CURVE('',#374,#364,#376,.T.);
#374 = VERTEX_POINT('',#375);
#375 = CARTESIAN_POINT('',(102.957779,-194.438828,5.));
#376 = CIRCLE('',#377,4.);
#377 = AXIS2_PLACEMENT_3D('',#378,#379,#380);
#378 = CARTESIAN_POINT('',(102.957779,-198.438828,5.));
#379 = DIRECTION('',(0.,0.,1.));
#380 = DIRECTION('',(1.,0.,0.));
#381 = ORIENTED_EDGE('',*,*,#382,.F.);
#382 = EDGE_CURVE('',#383,#374,#385,.T.);
#383 = VERTEX_POINT('',#384);
#384 = CARTESIAN_POINT('',(389.45010792153,-194.438828,5.));
#385 = LINE('',#386,#387);
#386 = CARTESIAN_POINT('',(389.45010792153,-194.438828,5.));
#387 = VECTOR('',#388,1.);
#388 = DIRECTION('',(-1.,0.,0.));
#389 = ORIENTED_EDGE('',*,*,#390,.F.);
#390 = EDGE_CURVE('',#391,#383,#393,.T.);
#391 = VERTEX_POINT('',#392);
#392 = CARTESIAN_POINT('',(393.45010792153,-198.438828,5.));
#393 = CIRCLE('',#394,4.);
#394 = AXIS2_PLACEMENT_3D('',#395,#396,#397);
#395 = CARTESIAN_POINT('',(389.45010792153,-198.438828,5.));
#396 = DIRECTION('',(0.,0.,1.));
#397 = DIRECTION('',(1.,0.,0.));
#398 = ORIENTED_EDGE('',*,*,#399,.F.);
#399 = EDGE_CURVE('',#400,#391,#402,.T.);
#400 = VERTEX_POINT('',#401);
#401 = CARTESIAN_POINT('',(393.45010792153,-294.595764,5.));
#402 = LINE('',#403,#404);
#403 = CARTESIAN_POINT('',(393.45010792153,-294.595764,5.));
#404 = VECTOR('',#405,1.);
#405 = DIRECTION('',(1.77E-15,1.,0.));
#406 = ORIENTED_EDGE('',*,*,#407,.F.);
#407 = EDGE_CURVE('',#408,#400,#410,.T.);
#408 = VERTEX_POINT('',#409);
#409 = CARTESIAN_POINT('',(389.45010792153,-298.595764,5.));
#410 = CIRCLE('',#411,4.);
#411 = AXIS2_PLACEMENT_3D('',#412,#413,#414);
#412 = CARTESIAN_POINT('',(389.45010792153,-294.595764,5.));
#413 = DIRECTION('',(0.,0.,1.));
#414 = DIRECTION('',(1.,0.,0.));
#415 = ORIENTED_EDGE('',*,*,#416,.F.);
#416 = EDGE_CURVE('',#417,#408,#419,.T.);
#417 = VERTEX_POINT('',#418);
#418 = CARTESIAN_POINT('',(102.957779,-298.595764,5.));
#419 = LINE('',#420,#421);
#420 = CARTESIAN_POINT('',(102.957779,-298.595764,5.));
#421 = VECTOR('',#422,1.);
#422 = DIRECTION('',(1.,0.,0.));
#423 = ORIENTED_EDGE('',*,*,#424,.F.);
#424 = EDGE_CURVE('',#366,#417,#425,.T.);
#425 = CIRCLE('',#426,4.);
#426 = AXIS2_PLACEMENT_3D('',#427,#428,#429);
#427 = CARTESIAN_POINT('',(102.957779,-294.595764,5.));
#428 = DIRECTION('',(0.,0.,1.));
#429 = DIRECTION('',(1.,0.,0.));
#430 = FACE_BOUND('',#431,.T.);
#431 = EDGE_LOOP('',(#432,#442,#451,#459,#468,#476,#485,#493));
#432 = ORIENTED_EDGE('',*,*,#433,.F.);
#433 = EDGE_CURVE('',#434,#436,#438,.T.);
#434 = VERTEX_POINT('',#435);
#435 = CARTESIAN_POINT('',(101.3429260098,-176.3896791732,5.));
#436 = VERTEX_POINT('',#437);
#437 = CARTESIAN_POINT('',(101.3429260098,-189.504135,5.));
#438 = LINE('',#439,#440);
#439 = CARTESIAN_POINT('',(101.3429260098,-176.3896791732,5.));
#440 = VECTOR('',#441,1.);
#441 = DIRECTION('',(0.,-1.,0.));
#442 = ORIENTED_EDGE('',*,*,#443,.F.);
#443 = EDGE_CURVE('',#444,#434,#446,.T.);
#444 = VERTEX_POINT('',#445);
#445 = CARTESIAN_POINT('',(101.8429260098,-175.8896791732,5.));
#446 = CIRCLE('',#447,0.5);
#447 = AXIS2_PLACEMENT_3D('',#448,#449,#450);
#448 = CARTESIAN_POINT('',(101.8429260098,-176.3896791732,5.));
#449 = DIRECTION('',(0.,0.,1.));
#450 = DIRECTION('',(1.,0.,0.));
#451 = ORIENTED_EDGE('',*,*,#452,.F.);
#452 = EDGE_CURVE('',#453,#444,#455,.T.);
#453 = VERTEX_POINT('',#454);
#454 = CARTESIAN_POINT('',(141.129395,-175.8896791732,5.));
#455 = LINE('',#456,#457);
#456 = CARTESIAN_POINT('',(141.129395,-175.8896791732,5.));
#457 = VECTOR('',#458,1.);
#458 = DIRECTION('',(-1.,0.,0.));
#459 = ORIENTED_EDGE('',*,*,#460,.F.);
#460 = EDGE_CURVE('',#461,#453,#463,.T.);
#461 = VERTEX_POINT('',#462);
#462 = CARTESIAN_POINT('',(141.629395,-176.3896791732,5.));
#463 = CIRCLE('',#464,0.5);
#464 = AXIS2_PLACEMENT_3D('',#465,#466,#467);
#465 = CARTESIAN_POINT('',(141.129395,-176.3896791732,5.));
#466 = DIRECTION('',(0.,0.,1.));
#467 = DIRECTION('',(1.,0.,0.));
#468 = ORIENTED_EDGE('',*,*,#469,.F.);
#469 = EDGE_CURVE('',#470,#461,#472,.T.);
#470 = VERTEX_POINT('',#471);
#471 = CARTESIAN_POINT('',(141.629395,-189.504135,5.));
#472 = LINE('',#473,#474);
#473 = CARTESIAN_POINT('',(141.629395,-189.504135,5.));
#474 = VECTOR('',#475,1.);
#475 = DIRECTION('',(2.17E-15,1.,0.));
#476 = ORIENTED_EDGE('',*,*,#477,.F.);
#477 = EDGE_CURVE('',#478,#470,#480,.T.);
#478 = VERTEX_POINT('',#479);
#479 = CARTESIAN_POINT('',(141.129395,-190.004135,5.));
#480 = CIRCLE('',#481,0.5);
#481 = AXIS2_PLACEMENT_3D('',#482,#483,#484);
#482 = CARTESIAN_POINT('',(141.129395,-189.504135,5.));
#483 = DIRECTION('',(0.,0.,1.));
#484 = DIRECTION('',(1.,0.,0.));
#485 = ORIENTED_EDGE('',*,*,#486,.F.);
#486 = EDGE_CURVE('',#487,#478,#489,.T.);
#487 = VERTEX_POINT('',#488);
#488 = CARTESIAN_POINT('',(101.8429260098,-190.004135,5.));
#489 = LINE('',#490,#491);
#490 = CARTESIAN_POINT('',(101.8429260098,-190.004135,5.));
#491 = VECTOR('',#492,1.);
#492 = DIRECTION('',(1.,0.,0.));
#493 = ORIENTED_EDGE('',*,*,#494,.F.);
#494 = EDGE_CURVE('',#436,#487,#495,.T.);
#495 = CIRCLE('',#496,0.5);
#496 = AXIS2_PLACEMENT_3D('',#497,#498,#499);
#497 = CARTESIAN_POINT('',(101.8429260098,-189.504135,5.));
#498 = DIRECTION('',(0.,0.,1.));
#499 = DIRECTION('',(1.,0.,0.));
#500 = FACE_BOUND('',#501,.T.);
#501 = EDGE_LOOP('',(#502,#512,#520,#528,#536,#544,#552,#560));
#502 = ORIENTED_EDGE('',*,*,#503,.F.);
#503 = EDGE_CURVE('',#504,#506,#508,.T.);
#504 = VERTEX_POINT('',#505);
#505 = CARTESIAN_POINT('',(157.362885,-177.165726,5.));
#506 = VERTEX_POINT('',#507);
#507 = CARTESIAN_POINT('',(146.644607,-177.165726,5.));
#508 = LINE('',#509,#510);
#509 = CARTESIAN_POINT('',(193.31777141472,-177.165726,5.));
#510 = VECTOR('',#511,1.);
#511 = DIRECTION('',(-1.,0.,0.));
#512 = ORIENTED_EDGE('',*,*,#513,.F.);
#513 = EDGE_CURVE('',#514,#504,#516,.T.);
#514 = VERTEX_POINT('',#515);
#515 = CARTESIAN_POINT('',(157.362885,-179.165726,5.));
#516 = LINE('',#517,#518);
#517 = CARTESIAN_POINT('',(157.362885,-206.7099149486,5.));
#518 = VECTOR('',#519,1.);
#519 = DIRECTION('',(0.,1.,0.));
#520 = ORIENTED_EDGE('',*,*,#521,.F.);
#521 = EDGE_CURVE('',#522,#514,#524,.T.);
#522 = VERTEX_POINT('',#523);
#523 = CARTESIAN_POINT('',(153.140533,-179.165726,5.));
#524 = LINE('',#525,#526);
#525 = CARTESIAN_POINT('',(198.67691041472,-179.165726,5.));
#526 = VECTOR('',#527,1.);
#527 = DIRECTION('',(1.,0.,0.));
#528 = ORIENTED_EDGE('',*,*,#529,.F.);
#529 = EDGE_CURVE('',#530,#522,#532,.T.);
#530 = VERTEX_POINT('',#531);
#531 = CARTESIAN_POINT('',(153.140533,-189.670395,5.));
#532 = LINE('',#533,#534);
#533 = CARTESIAN_POINT('',(153.140533,-207.7099149486,5.));
#534 = VECTOR('',#535,1.);
#535 = DIRECTION('',(0.,1.,0.));
#536 = ORIENTED_EDGE('',*,*,#537,.T.);
#537 = EDGE_CURVE('',#530,#538,#540,.T.);
#538 = VERTEX_POINT('',#539);
#539 = CARTESIAN_POINT('',(150.542175,-189.670395,5.));
#540 = LINE('',#541,#542);
#541 = CARTESIAN_POINT('',(195.26655541472,-189.670395,5.));
#542 = VECTOR('',#543,1.);
#543 = DIRECTION('',(-1.,0.,0.));
#544 = ORIENTED_EDGE('',*,*,#545,.T.);
#545 = EDGE_CURVE('',#538,#546,#548,.T.);
#546 = VERTEX_POINT('',#547);
#547 = CARTESIAN_POINT('',(150.542175,-179.165726,5.));
#548 = LINE('',#549,#550);
#549 = CARTESIAN_POINT('',(150.542175,-207.7099149486,5.));
#550 = VECTOR('',#551,1.);
#551 = DIRECTION('',(0.,1.,0.));
#552 = ORIENTED_EDGE('',*,*,#553,.T.);
#553 = EDGE_CURVE('',#546,#554,#556,.T.);
#554 = VERTEX_POINT('',#555);
#555 = CARTESIAN_POINT('',(146.644607,-179.165726,5.));
#556 = LINE('',#557,#558);
#557 = CARTESIAN_POINT('',(193.31777141472,-179.165726,5.));
#558 = VECTOR('',#559,1.);
#559 = DIRECTION('',(-1.,0.,0.));
#560 = ORIENTED_EDGE('',*,*,#561,.T.);
#561 = EDGE_CURVE('',#554,#506,#562,.T.);
#562 = LINE('',#563,#564);
#563 = CARTESIAN_POINT('',(146.644607,-206.7099149486,5.));
#564 = VECTOR('',#565,1.);
#565 = DIRECTION('',(0.,1.,0.));
#566 = FACE_BOUND('',#567,.T.);
#567 = EDGE_LOOP('',(#568,#578,#586,#594,#602,#610,#618,#626));
#568 = ORIENTED_EDGE('',*,*,#569,.F.);
#569 = EDGE_CURVE('',#570,#572,#574,.T.);
#570 = VERTEX_POINT('',#571);
#571 = CARTESIAN_POINT('',(160.449127,-177.223556,5.));
#572 = VERTEX_POINT('',#573);
#573 = CARTESIAN_POINT('',(157.062332,-189.701202,5.));
#574 = LINE('',#575,#576);
#575 = CARTESIAN_POINT('',(154.02316360829,-200.8981204217,5.));
#576 = VECTOR('',#577,1.);
#577 = DIRECTION('',(-0.261951018619,-0.965081169563,0.));
#578 = ORIENTED_EDGE('',*,*,#579,.F.);
#579 = EDGE_CURVE('',#580,#570,#582,.T.);
#580 = VERTEX_POINT('',#581);
#581 = CARTESIAN_POINT('',(162.449127,-177.223556,5.));
#582 = LINE('',#583,#584);
#583 = CARTESIAN_POINT('',(200.22003141472,-177.223556,5.));
#584 = VECTOR('',#585,1.);
#585 = DIRECTION('',(-1.,0.,0.));
#586 = ORIENTED_EDGE('',*,*,#587,.F.);
#587 = EDGE_CURVE('',#588,#580,#590,.T.);
#588 = VERTEX_POINT('',#589);
#589 = CARTESIAN_POINT('',(165.529312,-189.790329,5.));
#590 = LINE('',#591,#592);
#591 = CARTESIAN_POINT('',(171.47072281884,-214.0305486816,5.));
#592 = VECTOR('',#593,1.);
#593 = DIRECTION('',(-0.238058880522,0.971250724275,0.));
#594 = ORIENTED_EDGE('',*,*,#595,.F.);
#595 = EDGE_CURVE('',#596,#588,#598,.T.);
#596 = VERTEX_POINT('',#597);
#597 = CARTESIAN_POINT('',(163.529312,-189.790329,5.));
#598 = LINE('',#599,#600);
#599 = CARTESIAN_POINT('',(202.76012391472,-189.790329,5.));
#600 = VECTOR('',#601,1.);
#601 = DIRECTION('',(1.,0.,0.));
#602 = ORIENTED_EDGE('',*,*,#603,.F.);
#603 = EDGE_CURVE('',#604,#596,#606,.T.);
#604 = VERTEX_POINT('',#605);
#605 = CARTESIAN_POINT('',(162.543579,-185.60141,5.));
#606 = LINE('',#607,#608);
#607 = CARTESIAN_POINT('',(170.71532993017,-220.3276520297,5.));
#608 = VECTOR('',#609,1.);
#609 = DIRECTION('',(0.229062453346,-0.973411728133,0.));
#610 = ORIENTED_EDGE('',*,*,#611,.F.);
#611 = EDGE_CURVE('',#612,#604,#614,.T.);
#612 = VERTEX_POINT('',#613);
#613 = CARTESIAN_POINT('',(160.137177,-185.60141,5.));
#614 = LINE('',#615,#616);
#615 = CARTESIAN_POINT('',(201.26725741472,-185.60141,5.));
#616 = VECTOR('',#617,1.);
#617 = DIRECTION('',(1.,0.,0.));
#618 = ORIENTED_EDGE('',*,*,#619,.F.);
#619 = EDGE_CURVE('',#620,#612,#622,.T.);
#620 = VERTEX_POINT('',#621);
#621 = CARTESIAN_POINT('',(159.156799,-189.701202,5.));
#622 = LINE('',#623,#624);
#623 = CARTESIAN_POINT('',(156.56812796082,-200.5266313925,5.));
#624 = VECTOR('',#625,1.);
#625 = DIRECTION('',(0.232571632701,0.972579269604,0.));
#626 = ORIENTED_EDGE('',*,*,#627,.F.);
#627 = EDGE_CURVE('',#572,#620,#628,.T.);
#628 = LINE('',#629,#630);
#629 = CARTESIAN_POINT('',(199.57386741472,-189.701202,5.));
#630 = VECTOR('',#631,1.);
#631 = DIRECTION('',(1.,0.,0.));
#632 = FACE_BOUND('',#633,.T.);
#633 = EDGE_LOOP('',(#634,#644,#652,#660,#668,#676,#684,#692,#700,#708,
    #716,#724,#732,#740));
#634 = ORIENTED_EDGE('',*,*,#635,.T.);
#635 = EDGE_CURVE('',#636,#638,#640,.T.);
#636 = VERTEX_POINT('',#637);
#637 = CARTESIAN_POINT('',(171.116455,-177.258591,5.));
#638 = VERTEX_POINT('',#639);
#639 = CARTESIAN_POINT('',(173.421875,-177.167862,5.));
#640 = LINE('',#641,#642);
#641 = CARTESIAN_POINT('',(205.49407314008,-175.9056718285,5.));
#642 = VECTOR('',#643,1.);
#643 = DIRECTION('',(0.999226504084,3.932421055125E-02,0.));
#644 = ORIENTED_EDGE('',*,*,#645,.T.);
#645 = EDGE_CURVE('',#638,#646,#648,.T.);
#646 = VERTEX_POINT('',#647);
#647 = CARTESIAN_POINT('',(173.421875,-179.167862,5.));
#648 = LINE('',#649,#650);
#649 = CARTESIAN_POINT('',(173.421875,-207.7109829486,5.));
#650 = VECTOR('',#651,1.);
#651 = DIRECTION('',(0.,-1.,0.));
#652 = ORIENTED_EDGE('',*,*,#653,.T.);
#653 = EDGE_CURVE('',#646,#654,#656,.T.);
#654 = VERTEX_POINT('',#655);
#655 = CARTESIAN_POINT('',(171.30101,-179.167862,5.));
#656 = LINE('',#657,#658);
#657 = CARTESIAN_POINT('',(205.64597291472,-179.167862,5.));
#658 = VECTOR('',#659,1.);
#659 = DIRECTION('',(-1.,0.,0.));
#660 = ORIENTED_EDGE('',*,*,#661,.T.);
#661 = EDGE_CURVE('',#654,#662,#664,.T.);
#662 = VERTEX_POINT('',#663);
#663 = CARTESIAN_POINT('',(169.747681,-180.362717,5.));
#664 = LINE('',#665,#666);
#665 = CARTESIAN_POINT('',(178.30781148965,-173.7780754229,5.));
#666 = VECTOR('',#667,1.);
#667 = DIRECTION('',(-0.792627308736,-0.609706445305,0.));
#668 = ORIENTED_EDGE('',*,*,#669,.T.);
#669 = EDGE_CURVE('',#662,#670,#672,.T.);
#670 = VERTEX_POINT('',#671);
#671 = CARTESIAN_POINT('',(169.747681,-187.352646,5.));
#672 = LINE('',#673,#674);
#673 = CARTESIAN_POINT('',(169.747681,-211.8033749486,5.));
#674 = VECTOR('',#675,1.);
#675 = DIRECTION('',(0.,-1.,0.));
#676 = ORIENTED_EDGE('',*,*,#677,.T.);
#677 = EDGE_CURVE('',#670,#678,#680,.T.);
#678 = VERTEX_POINT('',#679);
#679 = CARTESIAN_POINT('',(173.541367,-187.652756,5.));
#680 = LINE('',#681,#682);
#681 = CARTESIAN_POINT('',(208.46993896944,-190.4158770737,5.));
#682 = VECTOR('',#683,1.);
#683 = DIRECTION('',(0.996885591154,-7.886138567113E-02,0.));
#684 = ORIENTED_EDGE('',*,*,#685,.T.);
#685 = EDGE_CURVE('',#678,#686,#688,.T.);
#686 = VERTEX_POINT('',#687);
#687 = CARTESIAN_POINT('',(173.541367,-189.652756,5.));
#688 = LINE('',#689,#690);
#689 = CARTESIAN_POINT('',(173.541367,-212.9534299486,5.));
#690 = VECTOR('',#691,1.);
#691 = DIRECTION('',(0.,-1.,0.));
#692 = ORIENTED_EDGE('',*,*,#693,.T.);
#693 = EDGE_CURVE('',#686,#694,#696,.T.);
#694 = VERTEX_POINT('',#695);
#695 = CARTESIAN_POINT('',(169.628204,-189.473526,5.));
#696 = LINE('',#697,#698);
#697 = CARTESIAN_POINT('',(205.80499586685,-191.1304890261,5.));
#698 = VECTOR('',#699,1.);
#699 = DIRECTION('',(-0.998952743912,4.575385699278E-02,0.));
#700 = ORIENTED_EDGE('',*,*,#701,.T.);
#701 = EDGE_CURVE('',#694,#702,#704,.T.);
#702 = VERTEX_POINT('',#703);
#703 = CARTESIAN_POINT('',(168.194366,-188.786484,5.));
#704 = LINE('',#705,#706);
#705 = CARTESIAN_POINT('',(206.63837865162,-207.2074292812,5.));
#706 = VECTOR('',#707,1.);
#707 = DIRECTION('',(-0.901817346126,0.432117431061,0.));
#708 = ORIENTED_EDGE('',*,*,#709,.T.);
#709 = EDGE_CURVE('',#702,#710,#712,.T.);
#710 = VERTEX_POINT('',#711);
#711 = CARTESIAN_POINT('',(167.656677,-187.920212,5.));
#712 = LINE('',#713,#714);
#713 = CARTESIAN_POINT('',(188.54373147073,-221.5713940968,5.));
#714 = VECTOR('',#715,1.);
#715 = DIRECTION('',(-0.52736493703,0.849638878107,0.));
#716 = ORIENTED_EDGE('',*,*,#717,.T.);
#717 = EDGE_CURVE('',#710,#718,#720,.T.);
#718 = VERTEX_POINT('',#719);
#719 = CARTESIAN_POINT('',(167.656677,-180.362717,5.));
#720 = LINE('',#721,#722);
#721 = CARTESIAN_POINT('',(167.656677,-208.3084104486,5.));
#722 = VECTOR('',#723,1.);
#723 = DIRECTION('',(0.,1.,0.));
#724 = ORIENTED_EDGE('',*,*,#725,.T.);
#725 = EDGE_CURVE('',#718,#726,#728,.T.);
#726 = VERTEX_POINT('',#727);
#727 = CARTESIAN_POINT('',(167.895645,-179.466568,5.));
#728 = LINE('',#729,#730);
#729 = CARTESIAN_POINT('',(163.21989703678,-197.000994624,5.));
#730 = VECTOR('',#731,1.);
#731 = DIRECTION('',(0.257657550313,0.966236299653,0.));
#732 = ORIENTED_EDGE('',*,*,#733,.T.);
#733 = EDGE_CURVE('',#726,#734,#736,.T.);
#734 = VERTEX_POINT('',#735);
#735 = CARTESIAN_POINT('',(168.552826,-178.540558,5.));
#736 = LINE('',#737,#738);
#737 = CARTESIAN_POINT('',(166.89747657388,-180.8730510606,5.));
#738 = VECTOR('',#739,1.);
#739 = DIRECTION('',(0.578754393118,0.815501902172,0.));
#740 = ORIENTED_EDGE('',*,*,#741,.T.);
#741 = EDGE_CURVE('',#734,#636,#742,.T.);
#742 = LINE('',#743,#744);
#743 = CARTESIAN_POINT('',(186.86499149144,-169.383385937,5.));
#744 = VECTOR('',#745,1.);
#745 = DIRECTION('',(0.89440590814,0.447256158688,0.));
#746 = FACE_BOUND('',#747,.T.);
#747 = EDGE_LOOP('',(#748,#758,#766,#774,#782,#790,#798,#806,#814,#822)
  );
#748 = ORIENTED_EDGE('',*,*,#749,.F.);
#749 = EDGE_CURVE('',#750,#752,#754,.T.);
#750 = VERTEX_POINT('',#751);
#751 = CARTESIAN_POINT('',(200.945084,-177.212402,5.));
#752 = VERTEX_POINT('',#753);
#753 = CARTESIAN_POINT('',(200.945084,-189.777426,5.));
#754 = LINE('',#755,#756);
#755 = CARTESIAN_POINT('',(200.945084,-213.0157649486,5.));
#756 = VECTOR('',#757,1.);
#757 = DIRECTION('',(0.,-1.,0.));
#758 = ORIENTED_EDGE('',*,*,#759,.F.);
#759 = EDGE_CURVE('',#760,#750,#762,.T.);
#760 = VERTEX_POINT('',#761);
#761 = CARTESIAN_POINT('',(202.945084,-177.212402,5.));
#762 = LINE('',#763,#764);
#763 = CARTESIAN_POINT('',(220.46800991472,-177.212402,5.));
#764 = VECTOR('',#765,1.);
#765 = DIRECTION('',(-1.,0.,0.));
#766 = ORIENTED_EDGE('',*,*,#767,.F.);
#767 = EDGE_CURVE('',#768,#760,#770,.T.);
#768 = VERTEX_POINT('',#769);
#769 = CARTESIAN_POINT('',(208.029526,-187.605515,5.));
#770 = LINE('',#771,#772);
#771 = CARTESIAN_POINT('',(218.17513671751,-208.3441680598,5.));
#772 = VECTOR('',#773,1.);
#773 = DIRECTION('',(-0.439444815482,0.898269588791,0.));
#774 = ORIENTED_EDGE('',*,*,#775,.F.);
#775 = EDGE_CURVE('',#776,#768,#778,.T.);
#776 = VERTEX_POINT('',#777);
#777 = CARTESIAN_POINT('',(208.029526,-177.173477,5.));
#778 = LINE('',#779,#780);
#779 = CARTESIAN_POINT('',(208.029526,-211.9298094486,5.));
#780 = VECTOR('',#781,1.);
#781 = DIRECTION('',(0.,-1.,0.));
#782 = ORIENTED_EDGE('',*,*,#783,.F.);
#783 = EDGE_CURVE('',#784,#776,#786,.T.);
#784 = VERTEX_POINT('',#785);
#785 = CARTESIAN_POINT('',(210.029526,-177.173477,5.));
#786 = LINE('',#787,#788);
#787 = CARTESIAN_POINT('',(224.01023091472,-177.173477,5.));
#788 = VECTOR('',#789,1.);
#789 = DIRECTION('',(-1.,0.,0.));
#790 = ORIENTED_EDGE('',*,*,#791,.F.);
#791 = EDGE_CURVE('',#792,#784,#794,.T.);
#792 = VERTEX_POINT('',#793);
#793 = CARTESIAN_POINT('',(210.029526,-189.97998,5.));
#794 = LINE('',#795,#796);
#795 = CARTESIAN_POINT('',(210.029526,-206.7137904486,5.));
#796 = VECTOR('',#797,1.);
#797 = DIRECTION('',(0.,1.,0.));
#798 = ORIENTED_EDGE('',*,*,#799,.F.);
#799 = EDGE_CURVE('',#800,#792,#802,.T.);
#800 = VERTEX_POINT('',#801);
#801 = CARTESIAN_POINT('',(207.029526,-189.97998,5.));
#802 = LINE('',#803,#804);
#803 = CARTESIAN_POINT('',(225.01023091472,-189.97998,5.));
#804 = VECTOR('',#805,1.);
#805 = DIRECTION('',(1.,0.,0.));
#806 = ORIENTED_EDGE('',*,*,#807,.F.);
#807 = EDGE_CURVE('',#808,#800,#810,.T.);
#808 = VERTEX_POINT('',#809);
#809 = CARTESIAN_POINT('',(202.930283,-181.377426,5.));
#810 = LINE('',#811,#812);
#811 = CARTESIAN_POINT('',(219.06421495148,-215.2356336849,5.));
#812 = VECTOR('',#813,1.);
#813 = DIRECTION('',(0.430172117867,-0.902746890889,0.));
#814 = ORIENTED_EDGE('',*,*,#815,.F.);
#815 = EDGE_CURVE('',#816,#808,#818,.T.);
#816 = VERTEX_POINT('',#817);
#817 = CARTESIAN_POINT('',(202.930283,-189.777426,5.));
#818 = LINE('',#819,#820);
#819 = CARTESIAN_POINT('',(202.930283,-208.8157649486,5.));
#820 = VECTOR('',#821,1.);
#821 = DIRECTION('',(0.,1.,0.));
#822 = ORIENTED_EDGE('',*,*,#823,.F.);
#823 = EDGE_CURVE('',#752,#816,#824,.T.);
#824 = LINE('',#825,#826);
#825 = CARTESIAN_POINT('',(221.46060941472,-189.777426,5.));
#826 = VECTOR('',#827,1.);
#827 = DIRECTION('',(1.,0.,0.));
#828 = FACE_BOUND('',#829,.T.);
#829 = EDGE_LOOP('',(#830,#840,#848,#856,#864,#872,#880,#888,#896,#904,
    #912,#920));
#830 = ORIENTED_EDGE('',*,*,#831,.T.);
#831 = EDGE_CURVE('',#832,#834,#836,.T.);
#832 = VERTEX_POINT('',#833);
#833 = CARTESIAN_POINT('',(177.354507,-189.698883,5.));
#834 = VERTEX_POINT('',#835);
#835 = CARTESIAN_POINT('',(175.354507,-189.698883,5.));
#836 = LINE('',#837,#838);
#837 = CARTESIAN_POINT('',(207.67272141472,-189.698883,5.));
#838 = VECTOR('',#839,1.);
#839 = DIRECTION('',(-1.,0.,0.));
#840 = ORIENTED_EDGE('',*,*,#841,.T.);
#841 = EDGE_CURVE('',#834,#842,#844,.T.);
#842 = VERTEX_POINT('',#843);
#843 = CARTESIAN_POINT('',(175.354507,-177.213409,5.));
#844 = LINE('',#845,#846);
#845 = CARTESIAN_POINT('',(175.354507,-206.7337564486,5.));
#846 = VECTOR('',#847,1.);
#847 = DIRECTION('',(0.,1.,0.));
#848 = ORIENTED_EDGE('',*,*,#849,.F.);
#849 = EDGE_CURVE('',#850,#842,#852,.T.);
#850 = VERTEX_POINT('',#851);
#851 = CARTESIAN_POINT('',(177.354507,-177.213409,5.));
#852 = LINE('',#853,#854);
#853 = CARTESIAN_POINT('',(207.67272141472,-177.213409,5.));
#854 = VECTOR('',#855,1.);
#855 = DIRECTION('',(-1.,0.,0.));
#856 = ORIENTED_EDGE('',*,*,#857,.F.);
#857 = EDGE_CURVE('',#858,#850,#860,.T.);
#858 = VERTEX_POINT('',#859);
#859 = CARTESIAN_POINT('',(177.354507,-182.339676,5.));
#860 = LINE('',#861,#862);
#861 = CARTESIAN_POINT('',(177.354507,-206.7337564486,5.));
#862 = VECTOR('',#863,1.);
#863 = DIRECTION('',(0.,1.,0.));
#864 = ORIENTED_EDGE('',*,*,#865,.F.);
#865 = EDGE_CURVE('',#866,#858,#868,.T.);
#866 = VERTEX_POINT('',#867);
#867 = CARTESIAN_POINT('',(180.826721,-182.339676,5.));
#868 = LINE('',#869,#870);
#869 = CARTESIAN_POINT('',(208.67272141472,-182.339676,5.));
#870 = VECTOR('',#871,1.);
#871 = DIRECTION('',(-1.,0.,0.));
#872 = ORIENTED_EDGE('',*,*,#873,.F.);
#873 = EDGE_CURVE('',#874,#866,#876,.T.);
#874 = VERTEX_POINT('',#875);
#875 = CARTESIAN_POINT('',(180.826721,-177.234344,5.));
#876 = LINE('',#877,#878);
#877 = CARTESIAN_POINT('',(180.826721,-209.2968899486,5.));
#878 = VECTOR('',#879,1.);
#879 = DIRECTION('',(0.,-1.,0.));
#880 = ORIENTED_EDGE('',*,*,#881,.F.);
#881 = EDGE_CURVE('',#882,#874,#884,.T.);
#882 = VERTEX_POINT('',#883);
#883 = CARTESIAN_POINT('',(182.826721,-177.234344,5.));
#884 = LINE('',#885,#886);
#885 = CARTESIAN_POINT('',(210.40882841472,-177.234344,5.));
#886 = VECTOR('',#887,1.);
#887 = DIRECTION('',(-1.,0.,0.));
#888 = ORIENTED_EDGE('',*,*,#889,.F.);
#889 = EDGE_CURVE('',#890,#882,#892,.T.);
#890 = VERTEX_POINT('',#891);
#891 = CARTESIAN_POINT('',(182.826721,-189.672302,5.));
#892 = LINE('',#893,#894);
#893 = CARTESIAN_POINT('',(182.826721,-206.7442239486,5.));
#894 = VECTOR('',#895,1.);
#895 = DIRECTION('',(0.,1.,0.));
#896 = ORIENTED_EDGE('',*,*,#897,.F.);
#897 = EDGE_CURVE('',#898,#890,#900,.T.);
#898 = VERTEX_POINT('',#899);
#899 = CARTESIAN_POINT('',(180.826721,-189.672302,5.));
#900 = LINE('',#901,#902);
#901 = CARTESIAN_POINT('',(211.40882841472,-189.672302,5.));
#902 = VECTOR('',#903,1.);
#903 = DIRECTION('',(1.,0.,0.));
#904 = ORIENTED_EDGE('',*,*,#905,.F.);
#905 = EDGE_CURVE('',#906,#898,#908,.T.);
#906 = VERTEX_POINT('',#907);
#907 = CARTESIAN_POINT('',(180.826721,-184.195206,5.));
#908 = LINE('',#909,#910);
#909 = CARTESIAN_POINT('',(180.826721,-211.5939289486,5.));
#910 = VECTOR('',#911,1.);
#911 = DIRECTION('',(0.,-1.,0.));
#912 = ORIENTED_EDGE('',*,*,#913,.F.);
#913 = EDGE_CURVE('',#914,#906,#916,.T.);
#914 = VERTEX_POINT('',#915);
#915 = CARTESIAN_POINT('',(177.354507,-184.195206,5.));
#916 = LINE('',#917,#918);
#917 = CARTESIAN_POINT('',(209.54077491472,-184.195206,5.));
#918 = VECTOR('',#919,1.);
#919 = DIRECTION('',(1.,0.,0.));
#920 = ORIENTED_EDGE('',*,*,#921,.T.);
#921 = EDGE_CURVE('',#914,#832,#922,.T.);
#922 = LINE('',#923,#924);
#923 = CARTESIAN_POINT('',(177.354507,-212.9764934486,5.));
#924 = VECTOR('',#925,1.);
#925 = DIRECTION('',(0.,-1.,0.));
#926 = FACE_BOUND('',#927,.T.);
#927 = EDGE_LOOP('',(#928,#938,#946,#954,#962,#970,#978,#986,#994,#1002,
    #1010,#1018));
#928 = ORIENTED_EDGE('',*,*,#929,.F.);
#929 = EDGE_CURVE('',#930,#932,#934,.T.);
#930 = VERTEX_POINT('',#931);
#931 = CARTESIAN_POINT('',(192.252731,-177.239883,5.));
#932 = VERTEX_POINT('',#933);
#933 = CARTESIAN_POINT('',(184.19336,-177.239883,5.));
#934 = LINE('',#935,#936);
#935 = CARTESIAN_POINT('',(212.09214791472,-177.239883,5.));
#936 = VECTOR('',#937,1.);
#937 = DIRECTION('',(-1.,0.,0.));
#938 = ORIENTED_EDGE('',*,*,#939,.F.);
#939 = EDGE_CURVE('',#940,#930,#942,.T.);
#940 = VERTEX_POINT('',#941);
#941 = CARTESIAN_POINT('',(192.252731,-179.239883,5.));
#942 = LINE('',#943,#944);
#943 = CARTESIAN_POINT('',(192.252731,-206.7469934486,5.));
#944 = VECTOR('',#945,1.);
#945 = DIRECTION('',(0.,1.,0.));
#946 = ORIENTED_EDGE('',*,*,#947,.F.);
#947 = EDGE_CURVE('',#948,#940,#950,.T.);
#948 = VERTEX_POINT('',#949);
#949 = CARTESIAN_POINT('',(189.291611,-179.239883,5.));
#950 = LINE('',#951,#952);
#951 = CARTESIAN_POINT('',(216.12183341472,-179.239883,5.));
#952 = VECTOR('',#953,1.);
#953 = DIRECTION('',(1.,0.,0.));
#954 = ORIENTED_EDGE('',*,*,#955,.F.);
#955 = EDGE_CURVE('',#956,#948,#958,.T.);
#956 = VERTEX_POINT('',#957);
#957 = CARTESIAN_POINT('',(189.291611,-187.848373,5.));
#958 = LINE('',#959,#960);
#959 = CARTESIAN_POINT('',(189.291611,-207.7469934486,5.));
#960 = VECTOR('',#961,1.);
#961 = DIRECTION('',(0.,1.,0.));
#962 = ORIENTED_EDGE('',*,*,#963,.T.);
#963 = EDGE_CURVE('',#956,#964,#966,.T.);
#964 = VERTEX_POINT('',#965);
#965 = CARTESIAN_POINT('',(192.329971,-187.848373,5.));
#966 = LINE('',#967,#968);
#967 = CARTESIAN_POINT('',(216.16045341472,-187.848373,5.));
#968 = VECTOR('',#969,1.);
#969 = DIRECTION('',(1.,0.,0.));
#970 = ORIENTED_EDGE('',*,*,#971,.T.);
#971 = EDGE_CURVE('',#964,#972,#974,.T.);
#972 = VERTEX_POINT('',#973);
#973 = CARTESIAN_POINT('',(192.329971,-189.848373,5.));
#974 = LINE('',#975,#976);
#975 = CARTESIAN_POINT('',(192.329971,-213.0512384486,5.));
#976 = VECTOR('',#977,1.);
#977 = DIRECTION('',(0.,-1.,0.));
#978 = ORIENTED_EDGE('',*,*,#979,.T.);
#979 = EDGE_CURVE('',#972,#980,#982,.T.);
#980 = VERTEX_POINT('',#981);
#981 = CARTESIAN_POINT('',(184.244858,-189.848373,5.));
#982 = LINE('',#983,#984);
#983 = CARTESIAN_POINT('',(212.11789691472,-189.848373,5.));
#984 = VECTOR('',#985,1.);
#985 = DIRECTION('',(-1.,0.,0.));
#986 = ORIENTED_EDGE('',*,*,#987,.T.);
#987 = EDGE_CURVE('',#980,#988,#990,.T.);
#988 = VERTEX_POINT('',#989);
#989 = CARTESIAN_POINT('',(184.244858,-187.848373,5.));
#990 = LINE('',#991,#992);
#991 = CARTESIAN_POINT('',(184.244858,-212.0512384486,5.));
#992 = VECTOR('',#993,1.);
#993 = DIRECTION('',(0.,1.,0.));
#994 = ORIENTED_EDGE('',*,*,#995,.T.);
#995 = EDGE_CURVE('',#988,#996,#998,.T.);
#996 = VERTEX_POINT('',#997);
#997 = CARTESIAN_POINT('',(187.514954,-187.848373,5.));
#998 = LINE('',#999,#1000);
#999 = CARTESIAN_POINT('',(213.75294491472,-187.848373,5.));
#1000 = VECTOR('',#1001,1.);
#1001 = DIRECTION('',(1.,0.,0.));
#1002 = ORIENTED_EDGE('',*,*,#1003,.T.);
#1003 = EDGE_CURVE('',#996,#1004,#1006,.T.);
#1004 = VERTEX_POINT('',#1005);
#1005 = CARTESIAN_POINT('',(187.514954,-179.239883,5.));
#1006 = LINE('',#1007,#1008);
#1007 = CARTESIAN_POINT('',(187.514954,-207.7469934486,5.));
#1008 = VECTOR('',#1009,1.);
#1009 = DIRECTION('',(0.,1.,0.));
#1010 = ORIENTED_EDGE('',*,*,#1011,.T.);
#1011 = EDGE_CURVE('',#1004,#1012,#1014,.T.);
#1012 = VERTEX_POINT('',#1013);
#1013 = CARTESIAN_POINT('',(184.19336,-179.239883,5.));
#1014 = LINE('',#1015,#1016);
#1015 = CARTESIAN_POINT('',(212.09214791472,-179.239883,5.));
#1016 = VECTOR('',#1017,1.);
#1017 = DIRECTION('',(-1.,0.,0.));
#1018 = ORIENTED_EDGE('',*,*,#1019,.T.);
#1019 = EDGE_CURVE('',#1012,#932,#1020,.T.);
#1020 = LINE('',#1021,#1022);
#1021 = CARTESIAN_POINT('',(184.19336,-206.7469934486,5.));
#1022 = VECTOR('',#1023,1.);
#1023 = DIRECTION('',(0.,1.,0.));
#1024 = FACE_BOUND('',#1025,.T.);
#1025 = EDGE_LOOP('',(#1026,#1036,#1044,#1052,#1060,#1068,#1076,#1084,
    #1092,#1100,#1108,#1116));
#1026 = ORIENTED_EDGE('',*,*,#1027,.F.);
#1027 = EDGE_CURVE('',#1028,#1030,#1032,.T.);
#1028 = VERTEX_POINT('',#1029);
#1029 = CARTESIAN_POINT('',(220.121597,-177.172974,5.));
#1030 = VERTEX_POINT('',#1031);
#1031 = CARTESIAN_POINT('',(211.899246,-177.172974,5.));
#1032 = LINE('',#1033,#1034);
#1033 = CARTESIAN_POINT('',(225.94509091472,-177.172974,5.));
#1034 = VECTOR('',#1035,1.);
#1035 = DIRECTION('',(-1.,0.,0.));
#1036 = ORIENTED_EDGE('',*,*,#1037,.F.);
#1037 = EDGE_CURVE('',#1038,#1028,#1040,.T.);
#1038 = VERTEX_POINT('',#1039);
#1039 = CARTESIAN_POINT('',(220.121597,-179.172974,5.));
#1040 = LINE('',#1041,#1042);
#1041 = CARTESIAN_POINT('',(220.121597,-206.7135389486,5.));
#1042 = VECTOR('',#1043,1.);
#1043 = DIRECTION('',(0.,1.,0.));
#1044 = ORIENTED_EDGE('',*,*,#1045,.F.);
#1045 = EDGE_CURVE('',#1046,#1038,#1048,.T.);
#1046 = VERTEX_POINT('',#1047);
#1047 = CARTESIAN_POINT('',(216.839035,-179.172974,5.));
#1048 = LINE('',#1049,#1050);
#1049 = CARTESIAN_POINT('',(230.05626641472,-179.172974,5.));
#1050 = VECTOR('',#1051,1.);
#1051 = DIRECTION('',(1.,0.,0.));
#1052 = ORIENTED_EDGE('',*,*,#1053,.F.);
#1053 = EDGE_CURVE('',#1054,#1046,#1056,.T.);
#1054 = VERTEX_POINT('',#1055);
#1055 = CARTESIAN_POINT('',(216.839035,-188.677887,5.));
#1056 = LINE('',#1057,#1058);
#1057 = CARTESIAN_POINT('',(216.839035,-207.7135389486,5.));
#1058 = VECTOR('',#1059,1.);
#1059 = DIRECTION('',(0.,1.,0.));
#1060 = ORIENTED_EDGE('',*,*,#1061,.F.);
#1061 = EDGE_CURVE('',#1062,#1054,#1064,.T.);
#1062 = VERTEX_POINT('',#1063);
#1063 = CARTESIAN_POINT('',(220.121597,-188.677887,5.));
#1064 = LINE('',#1065,#1066);
#1065 = CARTESIAN_POINT('',(228.41498541472,-188.677887,5.));
#1066 = VECTOR('',#1067,1.);
#1067 = DIRECTION('',(-1.,0.,0.));
#1068 = ORIENTED_EDGE('',*,*,#1069,.F.);
#1069 = EDGE_CURVE('',#1070,#1062,#1072,.T.);
#1070 = VERTEX_POINT('',#1071);
#1071 = CARTESIAN_POINT('',(220.121597,-190.016403,5.));
#1072 = LINE('',#1073,#1074);
#1073 = CARTESIAN_POINT('',(220.121597,-212.4659954486,5.));
#1074 = VECTOR('',#1075,1.);
#1075 = DIRECTION('',(0.,1.,0.));
#1076 = ORIENTED_EDGE('',*,*,#1077,.F.);
#1077 = EDGE_CURVE('',#1078,#1070,#1080,.T.);
#1078 = VERTEX_POINT('',#1079);
#1079 = CARTESIAN_POINT('',(212.026733,-190.016403,5.));
#1080 = LINE('',#1081,#1082);
#1081 = CARTESIAN_POINT('',(230.05626641472,-190.016403,5.));
#1082 = VECTOR('',#1083,1.);
#1083 = DIRECTION('',(1.,0.,0.));
#1084 = ORIENTED_EDGE('',*,*,#1085,.T.);
#1085 = EDGE_CURVE('',#1078,#1086,#1088,.T.);
#1086 = VERTEX_POINT('',#1087);
#1087 = CARTESIAN_POINT('',(212.026733,-188.646011,5.));
#1088 = LINE('',#1089,#1090);
#1089 = CARTESIAN_POINT('',(212.026733,-212.4500574486,5.));
#1090 = VECTOR('',#1091,1.);
#1091 = DIRECTION('',(0.,1.,0.));
#1092 = ORIENTED_EDGE('',*,*,#1093,.T.);
#1093 = EDGE_CURVE('',#1086,#1094,#1096,.T.);
#1094 = VERTEX_POINT('',#1095);
#1095 = CARTESIAN_POINT('',(214.990601,-188.646011,5.));
#1096 = LINE('',#1097,#1098);
#1097 = CARTESIAN_POINT('',(227.49076841472,-188.646011,5.));
#1098 = VECTOR('',#1099,1.);
#1099 = DIRECTION('',(1.,0.,0.));
#1100 = ORIENTED_EDGE('',*,*,#1101,.T.);
#1101 = EDGE_CURVE('',#1094,#1102,#1104,.T.);
#1102 = VERTEX_POINT('',#1103);
#1103 = CARTESIAN_POINT('',(214.990601,-179.172974,5.));
#1104 = LINE('',#1105,#1106);
#1105 = CARTESIAN_POINT('',(214.990601,-207.7135389486,5.));
#1106 = VECTOR('',#1107,1.);
#1107 = DIRECTION('',(0.,1.,0.));
#1108 = ORIENTED_EDGE('',*,*,#1109,.T.);
#1109 = EDGE_CURVE('',#1102,#1110,#1112,.T.);
#1110 = VERTEX_POINT('',#1111);
#1111 = CARTESIAN_POINT('',(211.899246,-179.172974,5.));
#1112 = LINE('',#1113,#1114);
#1113 = CARTESIAN_POINT('',(225.94509091472,-179.172974,5.));
#1114 = VECTOR('',#1115,1.);
#1115 = DIRECTION('',(-1.,0.,0.));
#1116 = ORIENTED_EDGE('',*,*,#1117,.T.);
#1117 = EDGE_CURVE('',#1110,#1030,#1118,.T.);
#1118 = LINE('',#1119,#1120);
#1119 = CARTESIAN_POINT('',(211.899246,-206.7135389486,5.));
#1120 = VECTOR('',#1121,1.);
#1121 = DIRECTION('',(0.,1.,0.));
#1122 = FACE_BOUND('',#1123,.T.);
#1123 = EDGE_LOOP('',(#1124,#1134,#1142,#1150,#1158,#1166,#1174,#1182,
    #1190,#1198));
#1124 = ORIENTED_EDGE('',*,*,#1125,.F.);
#1125 = EDGE_CURVE('',#1126,#1128,#1130,.T.);
#1126 = VERTEX_POINT('',#1127);
#1127 = CARTESIAN_POINT('',(221.726807,-177.212402,5.));
#1128 = VERTEX_POINT('',#1129);
#1129 = CARTESIAN_POINT('',(221.726807,-189.777426,5.));
#1130 = LINE('',#1131,#1132);
#1131 = CARTESIAN_POINT('',(221.726807,-213.0157649486,5.));
#1132 = VECTOR('',#1133,1.);
#1133 = DIRECTION('',(0.,-1.,0.));
#1134 = ORIENTED_EDGE('',*,*,#1135,.F.);
#1135 = EDGE_CURVE('',#1136,#1126,#1138,.T.);
#1136 = VERTEX_POINT('',#1137);
#1137 = CARTESIAN_POINT('',(223.726807,-177.212402,5.));
#1138 = LINE('',#1139,#1140);
#1139 = CARTESIAN_POINT('',(230.85887141472,-177.212402,5.));
#1140 = VECTOR('',#1141,1.);
#1141 = DIRECTION('',(-1.,0.,0.));
#1142 = ORIENTED_EDGE('',*,*,#1143,.F.);
#1143 = EDGE_CURVE('',#1144,#1136,#1146,.T.);
#1144 = VERTEX_POINT('',#1145);
#1145 = CARTESIAN_POINT('',(228.811249,-187.605515,5.));
#1146 = LINE('',#1147,#1148);
#1147 = CARTESIAN_POINT('',(236.95026231232,-204.2424802881,5.));
#1148 = VECTOR('',#1149,1.);
#1149 = DIRECTION('',(-0.439444815482,0.898269588791,0.));
#1150 = ORIENTED_EDGE('',*,*,#1151,.F.);
#1151 = EDGE_CURVE('',#1152,#1144,#1154,.T.);
#1152 = VERTEX_POINT('',#1153);
#1153 = CARTESIAN_POINT('',(228.811249,-177.173477,5.));
#1154 = LINE('',#1155,#1156);
#1155 = CARTESIAN_POINT('',(228.811249,-211.9298094486,5.));
#1156 = VECTOR('',#1157,1.);
#1157 = DIRECTION('',(0.,-1.,0.));
#1158 = ORIENTED_EDGE('',*,*,#1159,.F.);
#1159 = EDGE_CURVE('',#1160,#1152,#1162,.T.);
#1160 = VERTEX_POINT('',#1161);
#1161 = CARTESIAN_POINT('',(230.811249,-177.173477,5.));
#1162 = LINE('',#1163,#1164);
#1163 = CARTESIAN_POINT('',(234.40109241472,-177.173477,5.));
#1164 = VECTOR('',#1165,1.);
#1165 = DIRECTION('',(-1.,0.,0.));
#1166 = ORIENTED_EDGE('',*,*,#1167,.F.);
#1167 = EDGE_CURVE('',#1168,#1160,#1170,.T.);
#1168 = VERTEX_POINT('',#1169);
#1169 = CARTESIAN_POINT('',(230.811249,-189.97998,5.));
#1170 = LINE('',#1171,#1172);
#1171 = CARTESIAN_POINT('',(230.811249,-206.7137904486,5.));
#1172 = VECTOR('',#1173,1.);
#1173 = DIRECTION('',(0.,1.,0.));
#1174 = ORIENTED_EDGE('',*,*,#1175,.F.);
#1175 = EDGE_CURVE('',#1176,#1168,#1178,.T.);
#1176 = VERTEX_POINT('',#1177);
#1177 = CARTESIAN_POINT('',(227.811249,-189.97998,5.));
#1178 = LINE('',#1179,#1180);
#1179 = CARTESIAN_POINT('',(235.40109241472,-189.97998,5.));
#1180 = VECTOR('',#1181,1.);
#1181 = DIRECTION('',(1.,0.,0.));
#1182 = ORIENTED_EDGE('',*,*,#1183,.F.);
#1183 = EDGE_CURVE('',#1184,#1176,#1186,.T.);
#1184 = VERTEX_POINT('',#1185);
#1185 = CARTESIAN_POINT('',(223.712006,-181.377426,5.));
#1186 = LINE('',#1187,#1188);
#1187 = CARTESIAN_POINT('',(237.92312928279,-211.2004824621,5.));
#1188 = VECTOR('',#1189,1.);
#1189 = DIRECTION('',(0.430172117867,-0.902746890889,0.));
#1190 = ORIENTED_EDGE('',*,*,#1191,.F.);
#1191 = EDGE_CURVE('',#1192,#1184,#1194,.T.);
#1192 = VERTEX_POINT('',#1193);
#1193 = CARTESIAN_POINT('',(223.712006,-189.777426,5.));
#1194 = LINE('',#1195,#1196);
#1195 = CARTESIAN_POINT('',(223.712006,-208.8157649486,5.));
#1196 = VECTOR('',#1197,1.);
#1197 = DIRECTION('',(0.,1.,0.));
#1198 = ORIENTED_EDGE('',*,*,#1199,.F.);
#1199 = EDGE_CURVE('',#1128,#1192,#1200,.T.);
#1200 = LINE('',#1201,#1202);
#1201 = CARTESIAN_POINT('',(231.85147091472,-189.777426,5.));
#1202 = VECTOR('',#1203,1.);
#1203 = DIRECTION('',(1.,0.,0.));
#1204 = FACE_BOUND('',#1205,.T.);
#1205 = EDGE_LOOP('',(#1206,#1216,#1224,#1232,#1240,#1248,#1256,#1264,
    #1272,#1280,#1288,#1296,#1304,#1312,#1320,#1328,#1336,#1344,#1352,
    #1360));
#1206 = ORIENTED_EDGE('',*,*,#1207,.F.);
#1207 = EDGE_CURVE('',#1208,#1210,#1212,.T.);
#1208 = VERTEX_POINT('',#1209);
#1209 = CARTESIAN_POINT('',(241.885635,-177.218399,5.));
#1210 = VERTEX_POINT('',#1211);
#1211 = CARTESIAN_POINT('',(232.97168,-177.218399,5.));
#1212 = LINE('',#1213,#1214);
#1213 = CARTESIAN_POINT('',(236.48130791472,-177.218399,5.));
#1214 = VECTOR('',#1215,1.);
#1215 = DIRECTION('',(-1.,0.,0.));
#1216 = ORIENTED_EDGE('',*,*,#1217,.F.);
#1217 = EDGE_CURVE('',#1218,#1208,#1220,.T.);
#1218 = VERTEX_POINT('',#1219);
#1219 = CARTESIAN_POINT('',(241.885635,-179.218399,5.));
#1220 = LINE('',#1221,#1222);
#1221 = CARTESIAN_POINT('',(241.885635,-206.7362514486,5.));
#1222 = VECTOR('',#1223,1.);
#1223 = DIRECTION('',(0.,1.,0.));
#1224 = ORIENTED_EDGE('',*,*,#1225,.F.);
#1225 = EDGE_CURVE('',#1226,#1218,#1228,.T.);
#1226 = VERTEX_POINT('',#1227);
#1227 = CARTESIAN_POINT('',(238.187714,-179.218399,5.));
#1228 = LINE('',#1229,#1230);
#1229 = CARTESIAN_POINT('',(240.93828541472,-179.218399,5.));
#1230 = VECTOR('',#1231,1.);
#1231 = DIRECTION('',(1.,0.,0.));
#1232 = ORIENTED_EDGE('',*,*,#1233,.T.);
#1233 = EDGE_CURVE('',#1226,#1234,#1236,.T.);
#1234 = VERTEX_POINT('',#1235);
#1235 = CARTESIAN_POINT('',(238.187714,-186.599457,5.));
#1236 = LINE('',#1237,#1238);
#1237 = CARTESIAN_POINT('',(238.187714,-211.4267804486,5.));
#1238 = VECTOR('',#1239,1.);
#1239 = DIRECTION('',(0.,-1.,0.));
#1240 = ORIENTED_EDGE('',*,*,#1241,.T.);
#1241 = EDGE_CURVE('',#1234,#1242,#1244,.T.);
#1242 = VERTEX_POINT('',#1243);
#1243 = CARTESIAN_POINT('',(237.798462,-187.922928,5.));
#1244 = LINE('',#1245,#1246);
#1245 = CARTESIAN_POINT('',(231.34415924696,-209.8677928147,5.));
#1246 = VECTOR('',#1247,1.);
#1247 = DIRECTION('',(-0.282163537563,-0.959366321105,0.));
#1248 = ORIENTED_EDGE('',*,*,#1249,.T.);
#1249 = EDGE_CURVE('',#1242,#1250,#1252,.T.);
#1250 = VERTEX_POINT('',#1251);
#1251 = CARTESIAN_POINT('',(236.942093,-189.168549,5.));
#1252 = LINE('',#1253,#1254);
#1253 = CARTESIAN_POINT('',(226.44055345046,-204.4434342366,5.));
#1254 = VECTOR('',#1255,1.);
#1255 = DIRECTION('',(-0.566530872462,-0.824040515113,0.));
#1256 = ORIENTED_EDGE('',*,*,#1257,.T.);
#1257 = EDGE_CURVE('',#1250,#1258,#1260,.T.);
#1258 = VERTEX_POINT('',#1259);
#1259 = CARTESIAN_POINT('',(236.007874,-189.908127,5.));
#1260 = LINE('',#1261,#1262);
#1261 = CARTESIAN_POINT('',(225.95482484745,-197.8666613331,5.));
#1262 = VECTOR('',#1263,1.);
#1263 = DIRECTION('',(-0.78405074265,-0.620696731867,0.));
#1264 = ORIENTED_EDGE('',*,*,#1265,.T.);
#1265 = EDGE_CURVE('',#1258,#1266,#1268,.T.);
#1266 = VERTEX_POINT('',#1267);
#1267 = CARTESIAN_POINT('',(234.723328,-190.141693,5.));
#1268 = LINE('',#1269,#1270);
#1269 = CARTESIAN_POINT('',(233.21475141287,-190.4159939585,5.));
#1270 = VECTOR('',#1271,1.);
#1271 = DIRECTION('',(-0.983868267911,-0.178894470002,0.));
#1272 = ORIENTED_EDGE('',*,*,#1273,.T.);
#1273 = EDGE_CURVE('',#1266,#1274,#1276,.T.);
#1274 = VERTEX_POINT('',#1275);
#1275 = CARTESIAN_POINT('',(232.893829,-189.441025,5.));
#1276 = LINE('',#1277,#1278);
#1277 = CARTESIAN_POINT('',(243.80612545246,-193.6202549043,5.));
#1278 = VECTOR('',#1279,1.);
#1279 = DIRECTION('',(-0.933855249981,0.357651187726,0.));
#1280 = ORIENTED_EDGE('',*,*,#1281,.T.);
#1281 = EDGE_CURVE('',#1274,#1282,#1284,.T.);
#1282 = VERTEX_POINT('',#1283);
#1283 = CARTESIAN_POINT('',(232.076401,-188.428955,5.));
#1284 = LINE('',#1285,#1286);
#1285 = CARTESIAN_POINT('',(245.32737896403,-204.8351917181,5.));
#1286 = VECTOR('',#1287,1.);
#1287 = DIRECTION('',(-0.628330988001,0.777946122503,0.));
#1288 = ORIENTED_EDGE('',*,*,#1289,.T.);
#1289 = EDGE_CURVE('',#1282,#1290,#1292,.T.);
#1290 = VERTEX_POINT('',#1291);
#1291 = CARTESIAN_POINT('',(231.92088,-187.9023758774,5.));
#1292 = LINE('',#1293,#1294);
#1293 = CARTESIAN_POINT('',(238.81191070518,-211.2347419381,5.));
#1294 = VECTOR('',#1295,1.);
#1295 = DIRECTION('',(-0.283246984028,0.959046998869,0.));
#1296 = ORIENTED_EDGE('',*,*,#1297,.T.);
#1297 = EDGE_CURVE('',#1290,#1298,#1300,.T.);
#1298 = VERTEX_POINT('',#1299);
#1299 = CARTESIAN_POINT('',(233.82804903749,-187.300125,5.));
#1300 = LINE('',#1301,#1302);
#1301 = CARTESIAN_POINT('',(229.60154553219,-188.634781429,5.));
#1302 = VECTOR('',#1303,1.);
#1303 = DIRECTION('',(0.953584537495,0.301125438731,0.));
#1304 = ORIENTED_EDGE('',*,*,#1305,.T.);
#1305 = EDGE_CURVE('',#1298,#1306,#1308,.T.);
#1306 = VERTEX_POINT('',#1307);
#1307 = CARTESIAN_POINT('',(233.905899,-187.767227,5.));
#1308 = LINE('',#1309,#1310);
#1309 = CARTESIAN_POINT('',(237.91948101623,-211.848822208,5.));
#1310 = VECTOR('',#1311,1.);
#1311 = DIRECTION('',(0.164398302419,-0.98639403798,0.));
#1312 = ORIENTED_EDGE('',*,*,#1313,.T.);
#1313 = EDGE_CURVE('',#1306,#1314,#1316,.T.);
#1314 = VERTEX_POINT('',#1315);
#1315 = CARTESIAN_POINT('',(234.411926,-188.31218,5.));
#1316 = LINE('',#1317,#1318);
#1317 = CARTESIAN_POINT('',(247.65614550139,-202.5752077632,5.));
#1318 = VECTOR('',#1319,1.);
#1319 = DIRECTION('',(0.680450532017,-0.732794018451,0.));
#1320 = ORIENTED_EDGE('',*,*,#1321,.T.);
#1321 = EDGE_CURVE('',#1314,#1322,#1324,.T.);
#1322 = VERTEX_POINT('',#1323);
#1323 = CARTESIAN_POINT('',(235.22937,-188.351105,5.));
#1324 = LINE('',#1325,#1326);
#1325 = CARTESIAN_POINT('',(238.74270761594,-188.5184029026,5.));
#1326 = VECTOR('',#1327,1.);
#1327 = DIRECTION('',(0.998868190251,-4.756404635117E-02,0.));
#1328 = ORIENTED_EDGE('',*,*,#1329,.T.);
#1329 = EDGE_CURVE('',#1322,#1330,#1332,.T.);
#1330 = VERTEX_POINT('',#1331);
#1331 = CARTESIAN_POINT('',(235.930023,-187.845078,5.));
#1332 = LINE('',#1333,#1334);
#1333 = CARTESIAN_POINT('',(225.77589030922,-195.1786158612,5.));
#1334 = VECTOR('',#1335,1.);
#1335 = DIRECTION('',(0.81067931993,0.58549042711,0.));
#1336 = ORIENTED_EDGE('',*,*,#1337,.T.);
#1337 = EDGE_CURVE('',#1330,#1338,#1340,.T.);
#1338 = VERTEX_POINT('',#1339);
#1339 = CARTESIAN_POINT('',(236.31929,-187.027634,5.));
#1340 = LINE('',#1341,#1342);
#1341 = CARTESIAN_POINT('',(227.10439630159,-206.3785154371,5.));
#1342 = VECTOR('',#1343,1.);
#1343 = DIRECTION('',(0.429940740156,0.902857109378,0.));
#1344 = ORIENTED_EDGE('',*,*,#1345,.T.);
#1345 = EDGE_CURVE('',#1338,#1346,#1348,.T.);
#1346 = VERTEX_POINT('',#1347);
#1347 = CARTESIAN_POINT('',(236.31929,-179.218399,5.));
#1348 = LINE('',#1349,#1350);
#1349 = CARTESIAN_POINT('',(236.31929,-207.7362514486,5.));
#1350 = VECTOR('',#1351,1.);
#1351 = DIRECTION('',(0.,1.,0.));
#1352 = ORIENTED_EDGE('',*,*,#1353,.T.);
#1353 = EDGE_CURVE('',#1346,#1354,#1356,.T.);
#1354 = VERTEX_POINT('',#1355);
#1355 = CARTESIAN_POINT('',(232.97168,-179.218399,5.));
#1356 = LINE('',#1357,#1358);
#1357 = CARTESIAN_POINT('',(236.48130791472,-179.218399,5.));
#1358 = VECTOR('',#1359,1.);
#1359 = DIRECTION('',(-1.,0.,0.));
#1360 = ORIENTED_EDGE('',*,*,#1361,.T.);
#1361 = EDGE_CURVE('',#1354,#1210,#1362,.T.);
#1362 = LINE('',#1363,#1364);
#1363 = CARTESIAN_POINT('',(232.97168,-206.7362514486,5.));
#1364 = VECTOR('',#1365,1.);
#1365 = DIRECTION('',(0.,1.,0.));
#1366 = FACE_BOUND('',#1367,.T.);
#1367 = EDGE_LOOP('',(#1368,#1378,#1386,#1394,#1402,#1410,#1418,#1426));
#1368 = ORIENTED_EDGE('',*,*,#1369,.F.);
#1369 = EDGE_CURVE('',#1370,#1372,#1374,.T.);
#1370 = VERTEX_POINT('',#1371);
#1371 = CARTESIAN_POINT('',(245.301666,-177.25235,5.));
#1372 = VERTEX_POINT('',#1373);
#1373 = CARTESIAN_POINT('',(242.537949,-189.903168,5.));
#1374 = LINE('',#1375,#1376);
#1375 = CARTESIAN_POINT('',(237.64761556237,-212.2884984367,5.));
#1376 = VECTOR('',#1377,1.);
#1377 = DIRECTION('',(-0.213427913111,-0.976958814846,0.));
#1378 = ORIENTED_EDGE('',*,*,#1379,.F.);
#1379 = EDGE_CURVE('',#1380,#1370,#1382,.T.);
#1380 = VERTEX_POINT('',#1381);
#1381 = CARTESIAN_POINT('',(247.301666,-177.25235,5.));
#1382 = LINE('',#1383,#1384);
#1383 = CARTESIAN_POINT('',(242.64630091472,-177.25235,5.));
#1384 = VECTOR('',#1385,1.);
#1385 = DIRECTION('',(-1.,0.,0.));
#1386 = ORIENTED_EDGE('',*,*,#1387,.F.);
#1387 = EDGE_CURVE('',#1388,#1380,#1390,.T.);
#1388 = VERTEX_POINT('',#1389);
#1389 = CARTESIAN_POINT('',(250.011658,-190.136719,5.));
#1390 = LINE('',#1391,#1392);
#1391 = CARTESIAN_POINT('',(253.08890188714,-204.7671480732,5.));
#1392 = VECTOR('',#1393,1.);
#1393 = DIRECTION('',(-0.205828167096,0.978588149136,0.));
#1394 = ORIENTED_EDGE('',*,*,#1395,.F.);
#1395 = EDGE_CURVE('',#1396,#1388,#1398,.T.);
#1396 = VERTEX_POINT('',#1397);
#1397 = CARTESIAN_POINT('',(248.011658,-190.136719,5.));
#1398 = LINE('',#1399,#1400);
#1399 = CARTESIAN_POINT('',(245.00129691472,-190.136719,5.));
#1400 = VECTOR('',#1401,1.);
#1401 = DIRECTION('',(1.,0.,0.));
#1402 = ORIENTED_EDGE('',*,*,#1403,.T.);
#1403 = EDGE_CURVE('',#1396,#1404,#1406,.T.);
#1404 = VERTEX_POINT('',#1405);
#1405 = CARTESIAN_POINT('',(247.189606,-185.543488,5.));
#1406 = LINE('',#1407,#1408);
#1407 = CARTESIAN_POINT('',(251.47490565875,-209.487680383,5.));
#1408 = VECTOR('',#1409,1.);
#1409 = DIRECTION('',(-0.176171139503,0.984359553012,0.));
#1410 = ORIENTED_EDGE('',*,*,#1411,.T.);
#1411 = EDGE_CURVE('',#1404,#1412,#1414,.T.);
#1412 = VERTEX_POINT('',#1413);
#1413 = CARTESIAN_POINT('',(245.476883,-185.543488,5.));
#1414 = LINE('',#1415,#1416);
#1415 = CARTESIAN_POINT('',(242.73390941472,-185.543488,5.));
#1416 = VECTOR('',#1417,1.);
#1417 = DIRECTION('',(-1.,0.,0.));
#1418 = ORIENTED_EDGE('',*,*,#1419,.T.);
#1419 = EDGE_CURVE('',#1412,#1420,#1422,.T.);
#1420 = VERTEX_POINT('',#1421);
#1421 = CARTESIAN_POINT('',(244.537949,-189.903168,5.));
#1422 = LINE('',#1423,#1424);
#1423 = CARTESIAN_POINT('',(239.66717285181,-212.5192681281,5.));
#1424 = VECTOR('',#1425,1.);
#1425 = DIRECTION('',(-0.2105402183,-0.977585196532,0.));
#1426 = ORIENTED_EDGE('',*,*,#1427,.T.);
#1427 = EDGE_CURVE('',#1420,#1372,#1428,.T.);
#1428 = LINE('',#1429,#1430);
#1429 = CARTESIAN_POINT('',(241.26444241472,-189.903168,5.));
#1430 = VECTOR('',#1431,1.);
#1431 = DIRECTION('',(-1.,0.,0.));
#1432 = PLANE('',#1433);
#1433 = AXIS2_PLACEMENT_3D('',#1434,#1435,#1436);
#1434 = CARTESIAN_POINT('',(239.99093582945,-236.2541038973,5.));
#1435 = DIRECTION('',(0.,0.,1.));
#1436 = DIRECTION('',(1.,0.,0.));
#1437 = ADVANCED_FACE('',(#1438),#1449,.F.);
#1438 = FACE_BOUND('',#1439,.F.);
#1439 = EDGE_LOOP('',(#1440,#1446,#1447,#1448));
#1440 = ORIENTED_EDGE('',*,*,#1441,.T.);
#1441 = EDGE_CURVE('',#155,#346,#1442,.T.);
#1442 = LINE('',#1443,#1444);
#1443 = CARTESIAN_POINT('',(401.229146,-159.567556,0.));
#1444 = VECTOR('',#1445,1.);
#1445 = DIRECTION('',(0.,0.,1.));
#1446 = ORIENTED_EDGE('',*,*,#354,.T.);
#1447 = ORIENTED_EDGE('',*,*,#61,.F.);
#1448 = ORIENTED_EDGE('',*,*,#163,.F.);
#1449 = PLANE('',#1450);
#1450 = AXIS2_PLACEMENT_3D('',#1451,#1452,#1453);
#1451 = CARTESIAN_POINT('',(401.229146,-159.567556,0.));
#1452 = DIRECTION('',(9.3E-16,-1.,0.));
#1453 = DIRECTION('',(-1.,-9.3E-16,0.));
#1454 = ADVANCED_FACE('',(#1455),#1466,.F.);
#1455 = FACE_BOUND('',#1456,.F.);
#1456 = EDGE_LOOP('',(#1457,#1458,#1459,#1465));
#1457 = ORIENTED_EDGE('',*,*,#104,.T.);
#1458 = ORIENTED_EDGE('',*,*,#320,.T.);
#1459 = ORIENTED_EDGE('',*,*,#1460,.F.);
#1460 = EDGE_CURVE('',#130,#321,#1461,.T.);
#1461 = LINE('',#1462,#1463);
#1462 = CARTESIAN_POINT('',(401.229146,-307.882935,0.));
#1463 = VECTOR('',#1464,1.);
#1464 = DIRECTION('',(0.,0.,1.));
#1465 = ORIENTED_EDGE('',*,*,#129,.F.);
#1466 = PLANE('',#1467);
#1467 = AXIS2_PLACEMENT_3D('',#1468,#1469,#1470);
#1468 = CARTESIAN_POINT('',(95.657295,-307.882935,0.));
#1469 = DIRECTION('',(0.,1.,0.));
#1470 = DIRECTION('',(1.,0.,0.));
#1471 = ADVANCED_FACE('',(#1472),#1483,.T.);
#1472 = FACE_BOUND('',#1473,.F.);
#1473 = EDGE_LOOP('',(#1474,#1475,#1476,#1482));
#1474 = ORIENTED_EDGE('',*,*,#1460,.T.);
#1475 = ORIENTED_EDGE('',*,*,#328,.T.);
#1476 = ORIENTED_EDGE('',*,*,#1477,.F.);
#1477 = EDGE_CURVE('',#138,#329,#1478,.T.);
#1478 = LINE('',#1479,#1480);
#1479 = CARTESIAN_POINT('',(412.22914599999,-296.882935,0.));
#1480 = VECTOR('',#1481,1.);
#1481 = DIRECTION('',(0.,0.,1.));
#1482 = ORIENTED_EDGE('',*,*,#137,.F.);
#1483 = CYLINDRICAL_SURFACE('',#1484,11.);
#1484 = AXIS2_PLACEMENT_3D('',#1485,#1486,#1487);
#1485 = CARTESIAN_POINT('',(401.229146,-296.882935,0.));
#1486 = DIRECTION('',(-0.,-0.,-1.));
#1487 = DIRECTION('',(1.,0.,0.));
#1488 = ADVANCED_FACE('',(#1489),#1500,.F.);
#1489 = FACE_BOUND('',#1490,.F.);
#1490 = EDGE_LOOP('',(#1491,#1492,#1493,#1499));
#1491 = ORIENTED_EDGE('',*,*,#1477,.T.);
#1492 = ORIENTED_EDGE('',*,*,#337,.T.);
#1493 = ORIENTED_EDGE('',*,*,#1494,.F.);
#1494 = EDGE_CURVE('',#147,#338,#1495,.T.);
#1495 = LINE('',#1496,#1497);
#1496 = CARTESIAN_POINT('',(412.229146,-170.567556,0.));
#1497 = VECTOR('',#1498,1.);
#1498 = DIRECTION('',(0.,0.,1.));
#1499 = ORIENTED_EDGE('',*,*,#146,.F.);
#1500 = PLANE('',#1501);
#1501 = AXIS2_PLACEMENT_3D('',#1502,#1503,#1504);
#1502 = CARTESIAN_POINT('',(412.22914599999,-296.882935,0.));
#1503 = DIRECTION('',(-1.,4.05E-15,0.));
#1504 = DIRECTION('',(4.05E-15,1.,0.));
#1505 = ADVANCED_FACE('',(#1506),#1512,.T.);
#1506 = FACE_BOUND('',#1507,.F.);
#1507 = EDGE_LOOP('',(#1508,#1509,#1510,#1511));
#1508 = ORIENTED_EDGE('',*,*,#1494,.T.);
#1509 = ORIENTED_EDGE('',*,*,#345,.T.);
#1510 = ORIENTED_EDGE('',*,*,#1441,.F.);
#1511 = ORIENTED_EDGE('',*,*,#154,.F.);
#1512 = CYLINDRICAL_SURFACE('',#1513,11.);
#1513 = AXIS2_PLACEMENT_3D('',#1514,#1515,#1516);
#1514 = CARTESIAN_POINT('',(401.229146,-170.567556,0.));
#1515 = DIRECTION('',(-0.,-0.,-1.));
#1516 = DIRECTION('',(1.,0.,0.));
#1517 = ADVANCED_FACE('',(#1518),#1534,.T.);
#1518 = FACE_BOUND('',#1519,.T.);
#1519 = EDGE_LOOP('',(#1520,#1526,#1527,#1533));
#1520 = ORIENTED_EDGE('',*,*,#1521,.T.);
#1521 = EDGE_CURVE('',#173,#364,#1522,.T.);
#1522 = LINE('',#1523,#1524);
#1523 = CARTESIAN_POINT('',(98.957779,-198.438828,0.));
#1524 = VECTOR('',#1525,1.);
#1525 = DIRECTION('',(0.,0.,1.));
#1526 = ORIENTED_EDGE('',*,*,#363,.T.);
#1527 = ORIENTED_EDGE('',*,*,#1528,.F.);
#1528 = EDGE_CURVE('',#175,#366,#1529,.T.);
#1529 = LINE('',#1530,#1531);
#1530 = CARTESIAN_POINT('',(98.957779,-294.595764,0.));
#1531 = VECTOR('',#1532,1.);
#1532 = DIRECTION('',(0.,0.,1.));
#1533 = ORIENTED_EDGE('',*,*,#172,.F.);
#1534 = PLANE('',#1535);
#1535 = AXIS2_PLACEMENT_3D('',#1536,#1537,#1538);
#1536 = CARTESIAN_POINT('',(98.957779,-198.438828,0.));
#1537 = DIRECTION('',(1.,0.,0.));
#1538 = DIRECTION('',(0.,-1.,0.));
#1539 = ADVANCED_FACE('',(#1540),#1551,.F.);
#1540 = FACE_BOUND('',#1541,.T.);
#1541 = EDGE_LOOP('',(#1542,#1543,#1544,#1550));
#1542 = ORIENTED_EDGE('',*,*,#1528,.T.);
#1543 = ORIENTED_EDGE('',*,*,#424,.T.);
#1544 = ORIENTED_EDGE('',*,*,#1545,.F.);
#1545 = EDGE_CURVE('',#183,#417,#1546,.T.);
#1546 = LINE('',#1547,#1548);
#1547 = CARTESIAN_POINT('',(102.957779,-298.595764,0.));
#1548 = VECTOR('',#1549,1.);
#1549 = DIRECTION('',(0.,0.,1.));
#1550 = ORIENTED_EDGE('',*,*,#182,.F.);
#1551 = CYLINDRICAL_SURFACE('',#1552,4.);
#1552 = AXIS2_PLACEMENT_3D('',#1553,#1554,#1555);
#1553 = CARTESIAN_POINT('',(102.957779,-294.595764,0.));
#1554 = DIRECTION('',(-0.,-0.,-1.));
#1555 = DIRECTION('',(1.,0.,0.));
#1556 = ADVANCED_FACE('',(#1557),#1568,.T.);
#1557 = FACE_BOUND('',#1558,.T.);
#1558 = EDGE_LOOP('',(#1559,#1560,#1561,#1567));
#1559 = ORIENTED_EDGE('',*,*,#1545,.T.);
#1560 = ORIENTED_EDGE('',*,*,#416,.T.);
#1561 = ORIENTED_EDGE('',*,*,#1562,.F.);
#1562 = EDGE_CURVE('',#192,#408,#1563,.T.);
#1563 = LINE('',#1564,#1565);
#1564 = CARTESIAN_POINT('',(389.45010792153,-298.595764,0.));
#1565 = VECTOR('',#1566,1.);
#1566 = DIRECTION('',(0.,0.,1.));
#1567 = ORIENTED_EDGE('',*,*,#191,.F.);
#1568 = PLANE('',#1569);
#1569 = AXIS2_PLACEMENT_3D('',#1570,#1571,#1572);
#1570 = CARTESIAN_POINT('',(102.957779,-298.595764,0.));
#1571 = DIRECTION('',(0.,1.,0.));
#1572 = DIRECTION('',(1.,0.,0.));
#1573 = ADVANCED_FACE('',(#1574),#1585,.F.);
#1574 = FACE_BOUND('',#1575,.T.);
#1575 = EDGE_LOOP('',(#1576,#1577,#1578,#1584));
#1576 = ORIENTED_EDGE('',*,*,#1562,.T.);
#1577 = ORIENTED_EDGE('',*,*,#407,.T.);
#1578 = ORIENTED_EDGE('',*,*,#1579,.F.);
#1579 = EDGE_CURVE('',#200,#400,#1580,.T.);
#1580 = LINE('',#1581,#1582);
#1581 = CARTESIAN_POINT('',(393.45010792153,-294.595764,0.));
#1582 = VECTOR('',#1583,1.);
#1583 = DIRECTION('',(0.,0.,1.));
#1584 = ORIENTED_EDGE('',*,*,#199,.F.);
#1585 = CYLINDRICAL_SURFACE('',#1586,4.);
#1586 = AXIS2_PLACEMENT_3D('',#1587,#1588,#1589);
#1587 = CARTESIAN_POINT('',(389.45010792153,-294.595764,0.));
#1588 = DIRECTION('',(-0.,-0.,-1.));
#1589 = DIRECTION('',(1.,0.,0.));
#1590 = ADVANCED_FACE('',(#1591),#1602,.T.);
#1591 = FACE_BOUND('',#1592,.T.);
#1592 = EDGE_LOOP('',(#1593,#1594,#1595,#1601));
#1593 = ORIENTED_EDGE('',*,*,#1579,.T.);
#1594 = ORIENTED_EDGE('',*,*,#399,.T.);
#1595 = ORIENTED_EDGE('',*,*,#1596,.F.);
#1596 = EDGE_CURVE('',#209,#391,#1597,.T.);
#1597 = LINE('',#1598,#1599);
#1598 = CARTESIAN_POINT('',(393.45010792153,-198.438828,0.));
#1599 = VECTOR('',#1600,1.);
#1600 = DIRECTION('',(0.,0.,1.));
#1601 = ORIENTED_EDGE('',*,*,#208,.F.);
#1602 = PLANE('',#1603);
#1603 = AXIS2_PLACEMENT_3D('',#1604,#1605,#1606);
#1604 = CARTESIAN_POINT('',(393.45010792153,-294.595764,0.));
#1605 = DIRECTION('',(-1.,1.77E-15,0.));
#1606 = DIRECTION('',(1.77E-15,1.,0.));
#1607 = ADVANCED_FACE('',(#1608),#1619,.F.);
#1608 = FACE_BOUND('',#1609,.T.);
#1609 = EDGE_LOOP('',(#1610,#1611,#1612,#1618));
#1610 = ORIENTED_EDGE('',*,*,#1596,.T.);
#1611 = ORIENTED_EDGE('',*,*,#390,.T.);
#1612 = ORIENTED_EDGE('',*,*,#1613,.F.);
#1613 = EDGE_CURVE('',#217,#383,#1614,.T.);
#1614 = LINE('',#1615,#1616);
#1615 = CARTESIAN_POINT('',(389.45010792153,-194.438828,0.));
#1616 = VECTOR('',#1617,1.);
#1617 = DIRECTION('',(0.,0.,1.));
#1618 = ORIENTED_EDGE('',*,*,#216,.F.);
#1619 = CYLINDRICAL_SURFACE('',#1620,4.);
#1620 = AXIS2_PLACEMENT_3D('',#1621,#1622,#1623);
#1621 = CARTESIAN_POINT('',(389.45010792153,-198.438828,0.));
#1622 = DIRECTION('',(-0.,-0.,-1.));
#1623 = DIRECTION('',(1.,0.,0.));
#1624 = ADVANCED_FACE('',(#1625),#1636,.T.);
#1625 = FACE_BOUND('',#1626,.T.);
#1626 = EDGE_LOOP('',(#1627,#1628,#1629,#1635));
#1627 = ORIENTED_EDGE('',*,*,#1613,.T.);
#1628 = ORIENTED_EDGE('',*,*,#382,.T.);
#1629 = ORIENTED_EDGE('',*,*,#1630,.F.);
#1630 = EDGE_CURVE('',#226,#374,#1631,.T.);
#1631 = LINE('',#1632,#1633);
#1632 = CARTESIAN_POINT('',(102.957779,-194.438828,0.));
#1633 = VECTOR('',#1634,1.);
#1634 = DIRECTION('',(0.,0.,1.));
#1635 = ORIENTED_EDGE('',*,*,#225,.F.);
#1636 = PLANE('',#1637);
#1637 = AXIS2_PLACEMENT_3D('',#1638,#1639,#1640);
#1638 = CARTESIAN_POINT('',(389.45010792153,-194.438828,0.));
#1639 = DIRECTION('',(0.,-1.,0.));
#1640 = DIRECTION('',(-1.,0.,0.));
#1641 = ADVANCED_FACE('',(#1642),#1648,.F.);
#1642 = FACE_BOUND('',#1643,.T.);
#1643 = EDGE_LOOP('',(#1644,#1645,#1646,#1647));
#1644 = ORIENTED_EDGE('',*,*,#1630,.T.);
#1645 = ORIENTED_EDGE('',*,*,#373,.T.);
#1646 = ORIENTED_EDGE('',*,*,#1521,.F.);
#1647 = ORIENTED_EDGE('',*,*,#233,.F.);
#1648 = CYLINDRICAL_SURFACE('',#1649,4.);
#1649 = AXIS2_PLACEMENT_3D('',#1650,#1651,#1652);
#1650 = CARTESIAN_POINT('',(102.957779,-198.438828,0.));
#1651 = DIRECTION('',(-0.,-0.,-1.));
#1652 = DIRECTION('',(1.,0.,0.));
#1653 = ADVANCED_FACE('',(#1654),#1670,.T.);
#1654 = FACE_BOUND('',#1655,.T.);
#1655 = EDGE_LOOP('',(#1656,#1662,#1663,#1669));
#1656 = ORIENTED_EDGE('',*,*,#1657,.T.);
#1657 = EDGE_CURVE('',#243,#434,#1658,.T.);
#1658 = LINE('',#1659,#1660);
#1659 = CARTESIAN_POINT('',(101.3429260098,-176.3896791732,0.));
#1660 = VECTOR('',#1661,1.);
#1661 = DIRECTION('',(0.,0.,1.));
#1662 = ORIENTED_EDGE('',*,*,#433,.T.);
#1663 = ORIENTED_EDGE('',*,*,#1664,.F.);
#1664 = EDGE_CURVE('',#245,#436,#1665,.T.);
#1665 = LINE('',#1666,#1667);
#1666 = CARTESIAN_POINT('',(101.3429260098,-189.504135,0.));
#1667 = VECTOR('',#1668,1.);
#1668 = DIRECTION('',(0.,0.,1.));
#1669 = ORIENTED_EDGE('',*,*,#242,.F.);
#1670 = PLANE('',#1671);
#1671 = AXIS2_PLACEMENT_3D('',#1672,#1673,#1674);
#1672 = CARTESIAN_POINT('',(101.3429260098,-176.3896791732,0.));
#1673 = DIRECTION('',(1.,0.,0.));
#1674 = DIRECTION('',(0.,-1.,0.));
#1675 = ADVANCED_FACE('',(#1676),#1687,.F.);
#1676 = FACE_BOUND('',#1677,.T.);
#1677 = EDGE_LOOP('',(#1678,#1679,#1680,#1686));
#1678 = ORIENTED_EDGE('',*,*,#1664,.T.);
#1679 = ORIENTED_EDGE('',*,*,#494,.T.);
#1680 = ORIENTED_EDGE('',*,*,#1681,.F.);
#1681 = EDGE_CURVE('',#253,#487,#1682,.T.);
#1682 = LINE('',#1683,#1684);
#1683 = CARTESIAN_POINT('',(101.8429260098,-190.004135,0.));
#1684 = VECTOR('',#1685,1.);
#1685 = DIRECTION('',(0.,0.,1.));
#1686 = ORIENTED_EDGE('',*,*,#252,.F.);
#1687 = CYLINDRICAL_SURFACE('',#1688,0.5);
#1688 = AXIS2_PLACEMENT_3D('',#1689,#1690,#1691);
#1689 = CARTESIAN_POINT('',(101.8429260098,-189.504135,0.));
#1690 = DIRECTION('',(-0.,-0.,-1.));
#1691 = DIRECTION('',(1.,0.,0.));
#1692 = ADVANCED_FACE('',(#1693),#1704,.T.);
#1693 = FACE_BOUND('',#1694,.T.);
#1694 = EDGE_LOOP('',(#1695,#1696,#1697,#1703));
#1695 = ORIENTED_EDGE('',*,*,#1681,.T.);
#1696 = ORIENTED_EDGE('',*,*,#486,.T.);
#1697 = ORIENTED_EDGE('',*,*,#1698,.F.);
#1698 = EDGE_CURVE('',#262,#478,#1699,.T.);
#1699 = LINE('',#1700,#1701);
#1700 = CARTESIAN_POINT('',(141.129395,-190.004135,0.));
#1701 = VECTOR('',#1702,1.);
#1702 = DIRECTION('',(0.,0.,1.));
#1703 = ORIENTED_EDGE('',*,*,#261,.F.);
#1704 = PLANE('',#1705);
#1705 = AXIS2_PLACEMENT_3D('',#1706,#1707,#1708);
#1706 = CARTESIAN_POINT('',(101.8429260098,-190.004135,0.));
#1707 = DIRECTION('',(0.,1.,0.));
#1708 = DIRECTION('',(1.,0.,0.));
#1709 = ADVANCED_FACE('',(#1710),#1721,.F.);
#1710 = FACE_BOUND('',#1711,.T.);
#1711 = EDGE_LOOP('',(#1712,#1713,#1714,#1720));
#1712 = ORIENTED_EDGE('',*,*,#1698,.T.);
#1713 = ORIENTED_EDGE('',*,*,#477,.T.);
#1714 = ORIENTED_EDGE('',*,*,#1715,.F.);
#1715 = EDGE_CURVE('',#270,#470,#1716,.T.);
#1716 = LINE('',#1717,#1718);
#1717 = CARTESIAN_POINT('',(141.629395,-189.504135,0.));
#1718 = VECTOR('',#1719,1.);
#1719 = DIRECTION('',(0.,0.,1.));
#1720 = ORIENTED_EDGE('',*,*,#269,.F.);
#1721 = CYLINDRICAL_SURFACE('',#1722,0.5);
#1722 = AXIS2_PLACEMENT_3D('',#1723,#1724,#1725);
#1723 = CARTESIAN_POINT('',(141.129395,-189.504135,0.));
#1724 = DIRECTION('',(-0.,-0.,-1.));
#1725 = DIRECTION('',(1.,0.,0.));
#1726 = ADVANCED_FACE('',(#1727),#1738,.T.);
#1727 = FACE_BOUND('',#1728,.T.);
#1728 = EDGE_LOOP('',(#1729,#1730,#1731,#1737));
#1729 = ORIENTED_EDGE('',*,*,#1715,.T.);
#1730 = ORIENTED_EDGE('',*,*,#469,.T.);
#1731 = ORIENTED_EDGE('',*,*,#1732,.F.);
#1732 = EDGE_CURVE('',#279,#461,#1733,.T.);
#1733 = LINE('',#1734,#1735);
#1734 = CARTESIAN_POINT('',(141.629395,-176.3896791732,0.));
#1735 = VECTOR('',#1736,1.);
#1736 = DIRECTION('',(0.,0.,1.));
#1737 = ORIENTED_EDGE('',*,*,#278,.F.);
#1738 = PLANE('',#1739);
#1739 = AXIS2_PLACEMENT_3D('',#1740,#1741,#1742);
#1740 = CARTESIAN_POINT('',(141.629395,-189.504135,0.));
#1741 = DIRECTION('',(-1.,2.17E-15,0.));
#1742 = DIRECTION('',(2.17E-15,1.,0.));
#1743 = ADVANCED_FACE('',(#1744),#1755,.F.);
#1744 = FACE_BOUND('',#1745,.T.);
#1745 = EDGE_LOOP('',(#1746,#1747,#1748,#1754));
#1746 = ORIENTED_EDGE('',*,*,#1732,.T.);
#1747 = ORIENTED_EDGE('',*,*,#460,.T.);
#1748 = ORIENTED_EDGE('',*,*,#1749,.F.);
#1749 = EDGE_CURVE('',#287,#453,#1750,.T.);
#1750 = LINE('',#1751,#1752);
#1751 = CARTESIAN_POINT('',(141.129395,-175.8896791732,0.));
#1752 = VECTOR('',#1753,1.);
#1753 = DIRECTION('',(0.,0.,1.));
#1754 = ORIENTED_EDGE('',*,*,#286,.F.);
#1755 = CYLINDRICAL_SURFACE('',#1756,0.5);
#1756 = AXIS2_PLACEMENT_3D('',#1757,#1758,#1759);
#1757 = CARTESIAN_POINT('',(141.129395,-176.3896791732,0.));
#1758 = DIRECTION('',(-0.,-0.,-1.));
#1759 = DIRECTION('',(1.,0.,0.));
#1760 = ADVANCED_FACE('',(#1761),#1772,.T.);
#1761 = FACE_BOUND('',#1762,.T.);
#1762 = EDGE_LOOP('',(#1763,#1764,#1765,#1771));
#1763 = ORIENTED_EDGE('',*,*,#1749,.T.);
#1764 = ORIENTED_EDGE('',*,*,#452,.T.);
#1765 = ORIENTED_EDGE('',*,*,#1766,.F.);
#1766 = EDGE_CURVE('',#296,#444,#1767,.T.);
#1767 = LINE('',#1768,#1769);
#1768 = CARTESIAN_POINT('',(101.8429260098,-175.8896791732,0.));
#1769 = VECTOR('',#1770,1.);
#1770 = DIRECTION('',(0.,0.,1.));
#1771 = ORIENTED_EDGE('',*,*,#295,.F.);
#1772 = PLANE('',#1773);
#1773 = AXIS2_PLACEMENT_3D('',#1774,#1775,#1776);
#1774 = CARTESIAN_POINT('',(141.129395,-175.8896791732,0.));
#1775 = DIRECTION('',(0.,-1.,0.));
#1776 = DIRECTION('',(-1.,0.,0.));
#1777 = ADVANCED_FACE('',(#1778),#1784,.F.);
#1778 = FACE_BOUND('',#1779,.T.);
#1779 = EDGE_LOOP('',(#1780,#1781,#1782,#1783));
#1780 = ORIENTED_EDGE('',*,*,#1766,.T.);
#1781 = ORIENTED_EDGE('',*,*,#443,.T.);
#1782 = ORIENTED_EDGE('',*,*,#1657,.F.);
#1783 = ORIENTED_EDGE('',*,*,#303,.F.);
#1784 = CYLINDRICAL_SURFACE('',#1785,0.5);
#1785 = AXIS2_PLACEMENT_3D('',#1786,#1787,#1788);
#1786 = CARTESIAN_POINT('',(101.8429260098,-176.3896791732,0.));
#1787 = DIRECTION('',(-0.,-0.,-1.));
#1788 = DIRECTION('',(1.,0.,0.));
#1789 = ADVANCED_FACE('',(#1790),#1815,.T.);
#1790 = FACE_BOUND('',#1791,.T.);
#1791 = EDGE_LOOP('',(#1792,#1793,#1801,#1809));
#1792 = ORIENTED_EDGE('',*,*,#503,.T.);
#1793 = ORIENTED_EDGE('',*,*,#1794,.T.);
#1794 = EDGE_CURVE('',#506,#1795,#1797,.T.);
#1795 = VERTEX_POINT('',#1796);
#1796 = CARTESIAN_POINT('',(146.644607,-177.165726,6.));
#1797 = LINE('',#1798,#1799);
#1798 = CARTESIAN_POINT('',(146.644607,-177.165726,4.));
#1799 = VECTOR('',#1800,1.);
#1800 = DIRECTION('',(0.,0.,1.));
#1801 = ORIENTED_EDGE('',*,*,#1802,.T.);
#1802 = EDGE_CURVE('',#1795,#1803,#1805,.T.);
#1803 = VERTEX_POINT('',#1804);
#1804 = CARTESIAN_POINT('',(157.362885,-177.165726,6.));
#1805 = LINE('',#1806,#1807);
#1806 = CARTESIAN_POINT('',(146.644607,-177.165726,6.));
#1807 = VECTOR('',#1808,1.);
#1808 = DIRECTION('',(1.,0.,0.));
#1809 = ORIENTED_EDGE('',*,*,#1810,.F.);
#1810 = EDGE_CURVE('',#504,#1803,#1811,.T.);
#1811 = LINE('',#1812,#1813);
#1812 = CARTESIAN_POINT('',(157.362885,-177.165726,4.));
#1813 = VECTOR('',#1814,1.);
#1814 = DIRECTION('',(0.,0.,1.));
#1815 = PLANE('',#1816);
#1816 = AXIS2_PLACEMENT_3D('',#1817,#1818,#1819);
#1817 = CARTESIAN_POINT('',(146.644607,-177.165726,4.));
#1818 = DIRECTION('',(0.,1.,0.));
#1819 = DIRECTION('',(1.,0.,0.));
#1820 = ADVANCED_FACE('',(#1821),#1839,.T.);
#1821 = FACE_BOUND('',#1822,.T.);
#1822 = EDGE_LOOP('',(#1823,#1824,#1825,#1833));
#1823 = ORIENTED_EDGE('',*,*,#513,.T.);
#1824 = ORIENTED_EDGE('',*,*,#1810,.T.);
#1825 = ORIENTED_EDGE('',*,*,#1826,.T.);
#1826 = EDGE_CURVE('',#1803,#1827,#1829,.T.);
#1827 = VERTEX_POINT('',#1828);
#1828 = CARTESIAN_POINT('',(157.362885,-179.165726,6.));
#1829 = LINE('',#1830,#1831);
#1830 = CARTESIAN_POINT('',(157.362885,-177.165726,6.));
#1831 = VECTOR('',#1832,1.);
#1832 = DIRECTION('',(0.,-1.,0.));
#1833 = ORIENTED_EDGE('',*,*,#1834,.F.);
#1834 = EDGE_CURVE('',#514,#1827,#1835,.T.);
#1835 = LINE('',#1836,#1837);
#1836 = CARTESIAN_POINT('',(157.362885,-179.165726,4.));
#1837 = VECTOR('',#1838,1.);
#1838 = DIRECTION('',(0.,0.,1.));
#1839 = PLANE('',#1840);
#1840 = AXIS2_PLACEMENT_3D('',#1841,#1842,#1843);
#1841 = CARTESIAN_POINT('',(157.362885,-177.165726,4.));
#1842 = DIRECTION('',(1.,0.,0.));
#1843 = DIRECTION('',(0.,-1.,0.));
#1844 = ADVANCED_FACE('',(#1845),#1863,.F.);
#1845 = FACE_BOUND('',#1846,.F.);
#1846 = EDGE_LOOP('',(#1847,#1848,#1849,#1857));
#1847 = ORIENTED_EDGE('',*,*,#561,.T.);
#1848 = ORIENTED_EDGE('',*,*,#1794,.T.);
#1849 = ORIENTED_EDGE('',*,*,#1850,.T.);
#1850 = EDGE_CURVE('',#1795,#1851,#1853,.T.);
#1851 = VERTEX_POINT('',#1852);
#1852 = CARTESIAN_POINT('',(146.644607,-179.165726,6.));
#1853 = LINE('',#1854,#1855);
#1854 = CARTESIAN_POINT('',(146.644607,-177.165726,6.));
#1855 = VECTOR('',#1856,1.);
#1856 = DIRECTION('',(0.,-1.,0.));
#1857 = ORIENTED_EDGE('',*,*,#1858,.F.);
#1858 = EDGE_CURVE('',#554,#1851,#1859,.T.);
#1859 = LINE('',#1860,#1861);
#1860 = CARTESIAN_POINT('',(146.644607,-179.165726,4.));
#1861 = VECTOR('',#1862,1.);
#1862 = DIRECTION('',(0.,0.,1.));
#1863 = PLANE('',#1864);
#1864 = AXIS2_PLACEMENT_3D('',#1865,#1866,#1867);
#1865 = CARTESIAN_POINT('',(146.644607,-177.165726,4.));
#1866 = DIRECTION('',(1.,0.,0.));
#1867 = DIRECTION('',(0.,-1.,0.));
#1868 = ADVANCED_FACE('',(#1869),#1887,.T.);
#1869 = FACE_BOUND('',#1870,.T.);
#1870 = EDGE_LOOP('',(#1871,#1872,#1873,#1881));
#1871 = ORIENTED_EDGE('',*,*,#521,.T.);
#1872 = ORIENTED_EDGE('',*,*,#1834,.T.);
#1873 = ORIENTED_EDGE('',*,*,#1874,.T.);
#1874 = EDGE_CURVE('',#1827,#1875,#1877,.T.);
#1875 = VERTEX_POINT('',#1876);
#1876 = CARTESIAN_POINT('',(153.140533,-179.165726,6.));
#1877 = LINE('',#1878,#1879);
#1878 = CARTESIAN_POINT('',(157.362885,-179.165726,6.));
#1879 = VECTOR('',#1880,1.);
#1880 = DIRECTION('',(-1.,0.,0.));
#1881 = ORIENTED_EDGE('',*,*,#1882,.F.);
#1882 = EDGE_CURVE('',#522,#1875,#1883,.T.);
#1883 = LINE('',#1884,#1885);
#1884 = CARTESIAN_POINT('',(153.140533,-179.165726,4.));
#1885 = VECTOR('',#1886,1.);
#1886 = DIRECTION('',(0.,0.,1.));
#1887 = PLANE('',#1888);
#1888 = AXIS2_PLACEMENT_3D('',#1889,#1890,#1891);
#1889 = CARTESIAN_POINT('',(157.362885,-179.165726,4.));
#1890 = DIRECTION('',(0.,-1.,0.));
#1891 = DIRECTION('',(-1.,0.,0.));
#1892 = ADVANCED_FACE('',(#1893),#1911,.F.);
#1893 = FACE_BOUND('',#1894,.F.);
#1894 = EDGE_LOOP('',(#1895,#1896,#1897,#1905));
#1895 = ORIENTED_EDGE('',*,*,#553,.T.);
#1896 = ORIENTED_EDGE('',*,*,#1858,.T.);
#1897 = ORIENTED_EDGE('',*,*,#1898,.T.);
#1898 = EDGE_CURVE('',#1851,#1899,#1901,.T.);
#1899 = VERTEX_POINT('',#1900);
#1900 = CARTESIAN_POINT('',(150.542175,-179.165726,6.));
#1901 = LINE('',#1902,#1903);
#1902 = CARTESIAN_POINT('',(146.644607,-179.165726,6.));
#1903 = VECTOR('',#1904,1.);
#1904 = DIRECTION('',(1.,0.,0.));
#1905 = ORIENTED_EDGE('',*,*,#1906,.F.);
#1906 = EDGE_CURVE('',#546,#1899,#1907,.T.);
#1907 = LINE('',#1908,#1909);
#1908 = CARTESIAN_POINT('',(150.542175,-179.165726,4.));
#1909 = VECTOR('',#1910,1.);
#1910 = DIRECTION('',(0.,0.,1.));
#1911 = PLANE('',#1912);
#1912 = AXIS2_PLACEMENT_3D('',#1913,#1914,#1915);
#1913 = CARTESIAN_POINT('',(146.644607,-179.165726,4.));
#1914 = DIRECTION('',(0.,1.,0.));
#1915 = DIRECTION('',(1.,0.,0.));
#1916 = ADVANCED_FACE('',(#1917),#1935,.T.);
#1917 = FACE_BOUND('',#1918,.T.);
#1918 = EDGE_LOOP('',(#1919,#1920,#1921,#1929));
#1919 = ORIENTED_EDGE('',*,*,#529,.T.);
#1920 = ORIENTED_EDGE('',*,*,#1882,.T.);
#1921 = ORIENTED_EDGE('',*,*,#1922,.T.);
#1922 = EDGE_CURVE('',#1875,#1923,#1925,.T.);
#1923 = VERTEX_POINT('',#1924);
#1924 = CARTESIAN_POINT('',(153.140533,-189.670395,6.));
#1925 = LINE('',#1926,#1927);
#1926 = CARTESIAN_POINT('',(153.140533,-179.165726,6.));
#1927 = VECTOR('',#1928,1.);
#1928 = DIRECTION('',(0.,-1.,0.));
#1929 = ORIENTED_EDGE('',*,*,#1930,.F.);
#1930 = EDGE_CURVE('',#530,#1923,#1931,.T.);
#1931 = LINE('',#1932,#1933);
#1932 = CARTESIAN_POINT('',(153.140533,-189.670395,4.));
#1933 = VECTOR('',#1934,1.);
#1934 = DIRECTION('',(0.,0.,1.));
#1935 = PLANE('',#1936);
#1936 = AXIS2_PLACEMENT_3D('',#1937,#1938,#1939);
#1937 = CARTESIAN_POINT('',(153.140533,-179.165726,4.));
#1938 = DIRECTION('',(1.,0.,0.));
#1939 = DIRECTION('',(0.,-1.,0.));
#1940 = ADVANCED_FACE('',(#1941),#1959,.F.);
#1941 = FACE_BOUND('',#1942,.F.);
#1942 = EDGE_LOOP('',(#1943,#1944,#1945,#1953));
#1943 = ORIENTED_EDGE('',*,*,#545,.T.);
#1944 = ORIENTED_EDGE('',*,*,#1906,.T.);
#1945 = ORIENTED_EDGE('',*,*,#1946,.T.);
#1946 = EDGE_CURVE('',#1899,#1947,#1949,.T.);
#1947 = VERTEX_POINT('',#1948);
#1948 = CARTESIAN_POINT('',(150.542175,-189.670395,6.));
#1949 = LINE('',#1950,#1951);
#1950 = CARTESIAN_POINT('',(150.542175,-179.165726,6.));
#1951 = VECTOR('',#1952,1.);
#1952 = DIRECTION('',(0.,-1.,0.));
#1953 = ORIENTED_EDGE('',*,*,#1954,.F.);
#1954 = EDGE_CURVE('',#538,#1947,#1955,.T.);
#1955 = LINE('',#1956,#1957);
#1956 = CARTESIAN_POINT('',(150.542175,-189.670395,4.));
#1957 = VECTOR('',#1958,1.);
#1958 = DIRECTION('',(0.,0.,1.));
#1959 = PLANE('',#1960);
#1960 = AXIS2_PLACEMENT_3D('',#1961,#1962,#1963);
#1961 = CARTESIAN_POINT('',(150.542175,-179.165726,4.));
#1962 = DIRECTION('',(1.,0.,0.));
#1963 = DIRECTION('',(0.,-1.,0.));
#1964 = ADVANCED_FACE('',(#1965),#1976,.F.);
#1965 = FACE_BOUND('',#1966,.F.);
#1966 = EDGE_LOOP('',(#1967,#1968,#1969,#1975));
#1967 = ORIENTED_EDGE('',*,*,#537,.T.);
#1968 = ORIENTED_EDGE('',*,*,#1954,.T.);
#1969 = ORIENTED_EDGE('',*,*,#1970,.T.);
#1970 = EDGE_CURVE('',#1947,#1923,#1971,.T.);
#1971 = LINE('',#1972,#1973);
#1972 = CARTESIAN_POINT('',(150.542175,-189.670395,6.));
#1973 = VECTOR('',#1974,1.);
#1974 = DIRECTION('',(1.,0.,0.));
#1975 = ORIENTED_EDGE('',*,*,#1930,.F.);
#1976 = PLANE('',#1977);
#1977 = AXIS2_PLACEMENT_3D('',#1978,#1979,#1980);
#1978 = CARTESIAN_POINT('',(150.542175,-189.670395,4.));
#1979 = DIRECTION('',(0.,1.,0.));
#1980 = DIRECTION('',(1.,0.,0.));
#1981 = ADVANCED_FACE('',(#1982),#2007,.T.);
#1982 = FACE_BOUND('',#1983,.T.);
#1983 = EDGE_LOOP('',(#1984,#1985,#1993,#2001));
#1984 = ORIENTED_EDGE('',*,*,#569,.T.);
#1985 = ORIENTED_EDGE('',*,*,#1986,.T.);
#1986 = EDGE_CURVE('',#572,#1987,#1989,.T.);
#1987 = VERTEX_POINT('',#1988);
#1988 = CARTESIAN_POINT('',(157.062332,-189.701202,6.));
#1989 = LINE('',#1990,#1991);
#1990 = CARTESIAN_POINT('',(157.062332,-189.701202,4.));
#1991 = VECTOR('',#1992,1.);
#1992 = DIRECTION('',(0.,0.,1.));
#1993 = ORIENTED_EDGE('',*,*,#1994,.T.);
#1994 = EDGE_CURVE('',#1987,#1995,#1997,.T.);
#1995 = VERTEX_POINT('',#1996);
#1996 = CARTESIAN_POINT('',(160.449127,-177.223556,6.));
#1997 = LINE('',#1998,#1999);
#1998 = CARTESIAN_POINT('',(157.062332,-189.701202,6.));
#1999 = VECTOR('',#2000,1.);
#2000 = DIRECTION('',(0.261951018619,0.965081169563,0.));
#2001 = ORIENTED_EDGE('',*,*,#2002,.F.);
#2002 = EDGE_CURVE('',#570,#1995,#2003,.T.);
#2003 = LINE('',#2004,#2005);
#2004 = CARTESIAN_POINT('',(160.449127,-177.223556,4.));
#2005 = VECTOR('',#2006,1.);
#2006 = DIRECTION('',(0.,0.,1.));
#2007 = PLANE('',#2008);
#2008 = AXIS2_PLACEMENT_3D('',#2009,#2010,#2011);
#2009 = CARTESIAN_POINT('',(157.062332,-189.701202,4.));
#2010 = DIRECTION('',(-0.965081169563,0.261951018619,0.));
#2011 = DIRECTION('',(0.261951018619,0.965081169563,0.));
#2012 = ADVANCED_FACE('',(#2013),#2031,.T.);
#2013 = FACE_BOUND('',#2014,.T.);
#2014 = EDGE_LOOP('',(#2015,#2016,#2017,#2025));
#2015 = ORIENTED_EDGE('',*,*,#579,.T.);
#2016 = ORIENTED_EDGE('',*,*,#2002,.T.);
#2017 = ORIENTED_EDGE('',*,*,#2018,.T.);
#2018 = EDGE_CURVE('',#1995,#2019,#2021,.T.);
#2019 = VERTEX_POINT('',#2020);
#2020 = CARTESIAN_POINT('',(162.449127,-177.223556,6.));
#2021 = LINE('',#2022,#2023);
#2022 = CARTESIAN_POINT('',(160.449127,-177.223556,6.));
#2023 = VECTOR('',#2024,1.);
#2024 = DIRECTION('',(1.,0.,0.));
#2025 = ORIENTED_EDGE('',*,*,#2026,.F.);
#2026 = EDGE_CURVE('',#580,#2019,#2027,.T.);
#2027 = LINE('',#2028,#2029);
#2028 = CARTESIAN_POINT('',(162.449127,-177.223556,4.));
#2029 = VECTOR('',#2030,1.);
#2030 = DIRECTION('',(0.,0.,1.));
#2031 = PLANE('',#2032);
#2032 = AXIS2_PLACEMENT_3D('',#2033,#2034,#2035);
#2033 = CARTESIAN_POINT('',(160.449127,-177.223556,4.));
#2034 = DIRECTION('',(0.,1.,0.));
#2035 = DIRECTION('',(1.,0.,0.));
#2036 = ADVANCED_FACE('',(#2037),#2055,.T.);
#2037 = FACE_BOUND('',#2038,.T.);
#2038 = EDGE_LOOP('',(#2039,#2040,#2048,#2054));
#2039 = ORIENTED_EDGE('',*,*,#627,.T.);
#2040 = ORIENTED_EDGE('',*,*,#2041,.T.);
#2041 = EDGE_CURVE('',#620,#2042,#2044,.T.);
#2042 = VERTEX_POINT('',#2043);
#2043 = CARTESIAN_POINT('',(159.156799,-189.701202,6.));
#2044 = LINE('',#2045,#2046);
#2045 = CARTESIAN_POINT('',(159.156799,-189.701202,4.));
#2046 = VECTOR('',#2047,1.);
#2047 = DIRECTION('',(0.,0.,1.));
#2048 = ORIENTED_EDGE('',*,*,#2049,.T.);
#2049 = EDGE_CURVE('',#2042,#1987,#2050,.T.);
#2050 = LINE('',#2051,#2052);
#2051 = CARTESIAN_POINT('',(159.156799,-189.701202,6.));
#2052 = VECTOR('',#2053,1.);
#2053 = DIRECTION('',(-1.,0.,0.));
#2054 = ORIENTED_EDGE('',*,*,#1986,.F.);
#2055 = PLANE('',#2056);
#2056 = AXIS2_PLACEMENT_3D('',#2057,#2058,#2059);
#2057 = CARTESIAN_POINT('',(159.156799,-189.701202,4.));
#2058 = DIRECTION('',(0.,-1.,0.));
#2059 = DIRECTION('',(-1.,0.,0.));
#2060 = ADVANCED_FACE('',(#2061),#2079,.T.);
#2061 = FACE_BOUND('',#2062,.T.);
#2062 = EDGE_LOOP('',(#2063,#2064,#2065,#2073));
#2063 = ORIENTED_EDGE('',*,*,#587,.T.);
#2064 = ORIENTED_EDGE('',*,*,#2026,.T.);
#2065 = ORIENTED_EDGE('',*,*,#2066,.T.);
#2066 = EDGE_CURVE('',#2019,#2067,#2069,.T.);
#2067 = VERTEX_POINT('',#2068);
#2068 = CARTESIAN_POINT('',(165.529312,-189.790329,6.));
#2069 = LINE('',#2070,#2071);
#2070 = CARTESIAN_POINT('',(162.449127,-177.223556,6.));
#2071 = VECTOR('',#2072,1.);
#2072 = DIRECTION('',(0.238058880522,-0.971250724275,0.));
#2073 = ORIENTED_EDGE('',*,*,#2074,.F.);
#2074 = EDGE_CURVE('',#588,#2067,#2075,.T.);
#2075 = LINE('',#2076,#2077);
#2076 = CARTESIAN_POINT('',(165.529312,-189.790329,4.));
#2077 = VECTOR('',#2078,1.);
#2078 = DIRECTION('',(0.,0.,1.));
#2079 = PLANE('',#2080);
#2080 = AXIS2_PLACEMENT_3D('',#2081,#2082,#2083);
#2081 = CARTESIAN_POINT('',(162.449127,-177.223556,4.));
#2082 = DIRECTION('',(0.971250724275,0.238058880522,0.));
#2083 = DIRECTION('',(0.238058880522,-0.971250724275,0.));
#2084 = ADVANCED_FACE('',(#2085),#2103,.T.);
#2085 = FACE_BOUND('',#2086,.T.);
#2086 = EDGE_LOOP('',(#2087,#2088,#2096,#2102));
#2087 = ORIENTED_EDGE('',*,*,#619,.T.);
#2088 = ORIENTED_EDGE('',*,*,#2089,.T.);
#2089 = EDGE_CURVE('',#612,#2090,#2092,.T.);
#2090 = VERTEX_POINT('',#2091);
#2091 = CARTESIAN_POINT('',(160.137177,-185.60141,6.));
#2092 = LINE('',#2093,#2094);
#2093 = CARTESIAN_POINT('',(160.137177,-185.60141,4.));
#2094 = VECTOR('',#2095,1.);
#2095 = DIRECTION('',(0.,0.,1.));
#2096 = ORIENTED_EDGE('',*,*,#2097,.T.);
#2097 = EDGE_CURVE('',#2090,#2042,#2098,.T.);
#2098 = LINE('',#2099,#2100);
#2099 = CARTESIAN_POINT('',(160.137177,-185.60141,6.));
#2100 = VECTOR('',#2101,1.);
#2101 = DIRECTION('',(-0.232571632701,-0.972579269604,0.));
#2102 = ORIENTED_EDGE('',*,*,#2041,.F.);
#2103 = PLANE('',#2104);
#2104 = AXIS2_PLACEMENT_3D('',#2105,#2106,#2107);
#2105 = CARTESIAN_POINT('',(160.137177,-185.60141,4.));
#2106 = DIRECTION('',(0.972579269604,-0.232571632701,0.));
#2107 = DIRECTION('',(-0.232571632701,-0.972579269604,0.));
#2108 = ADVANCED_FACE('',(#2109),#2127,.T.);
#2109 = FACE_BOUND('',#2110,.T.);
#2110 = EDGE_LOOP('',(#2111,#2112,#2113,#2121));
#2111 = ORIENTED_EDGE('',*,*,#595,.T.);
#2112 = ORIENTED_EDGE('',*,*,#2074,.T.);
#2113 = ORIENTED_EDGE('',*,*,#2114,.T.);
#2114 = EDGE_CURVE('',#2067,#2115,#2117,.T.);
#2115 = VERTEX_POINT('',#2116);
#2116 = CARTESIAN_POINT('',(163.529312,-189.790329,6.));
#2117 = LINE('',#2118,#2119);
#2118 = CARTESIAN_POINT('',(165.529312,-189.790329,6.));
#2119 = VECTOR('',#2120,1.);
#2120 = DIRECTION('',(-1.,0.,0.));
#2121 = ORIENTED_EDGE('',*,*,#2122,.F.);
#2122 = EDGE_CURVE('',#596,#2115,#2123,.T.);
#2123 = LINE('',#2124,#2125);
#2124 = CARTESIAN_POINT('',(163.529312,-189.790329,4.));
#2125 = VECTOR('',#2126,1.);
#2126 = DIRECTION('',(0.,0.,1.));
#2127 = PLANE('',#2128);
#2128 = AXIS2_PLACEMENT_3D('',#2129,#2130,#2131);
#2129 = CARTESIAN_POINT('',(165.529312,-189.790329,4.));
#2130 = DIRECTION('',(0.,-1.,0.));
#2131 = DIRECTION('',(-1.,0.,0.));
#2132 = ADVANCED_FACE('',(#2133),#2151,.T.);
#2133 = FACE_BOUND('',#2134,.T.);
#2134 = EDGE_LOOP('',(#2135,#2136,#2144,#2150));
#2135 = ORIENTED_EDGE('',*,*,#611,.T.);
#2136 = ORIENTED_EDGE('',*,*,#2137,.T.);
#2137 = EDGE_CURVE('',#604,#2138,#2140,.T.);
#2138 = VERTEX_POINT('',#2139);
#2139 = CARTESIAN_POINT('',(162.543579,-185.60141,6.));
#2140 = LINE('',#2141,#2142);
#2141 = CARTESIAN_POINT('',(162.543579,-185.60141,4.));
#2142 = VECTOR('',#2143,1.);
#2143 = DIRECTION('',(0.,0.,1.));
#2144 = ORIENTED_EDGE('',*,*,#2145,.T.);
#2145 = EDGE_CURVE('',#2138,#2090,#2146,.T.);
#2146 = LINE('',#2147,#2148);
#2147 = CARTESIAN_POINT('',(162.543579,-185.60141,6.));
#2148 = VECTOR('',#2149,1.);
#2149 = DIRECTION('',(-1.,0.,0.));
#2150 = ORIENTED_EDGE('',*,*,#2089,.F.);
#2151 = PLANE('',#2152);
#2152 = AXIS2_PLACEMENT_3D('',#2153,#2154,#2155);
#2153 = CARTESIAN_POINT('',(162.543579,-185.60141,4.));
#2154 = DIRECTION('',(0.,-1.,0.));
#2155 = DIRECTION('',(-1.,0.,0.));
#2156 = ADVANCED_FACE('',(#2157),#2168,.T.);
#2157 = FACE_BOUND('',#2158,.T.);
#2158 = EDGE_LOOP('',(#2159,#2160,#2161,#2167));
#2159 = ORIENTED_EDGE('',*,*,#603,.T.);
#2160 = ORIENTED_EDGE('',*,*,#2122,.T.);
#2161 = ORIENTED_EDGE('',*,*,#2162,.T.);
#2162 = EDGE_CURVE('',#2115,#2138,#2163,.T.);
#2163 = LINE('',#2164,#2165);
#2164 = CARTESIAN_POINT('',(163.529312,-189.790329,6.));
#2165 = VECTOR('',#2166,1.);
#2166 = DIRECTION('',(-0.229062453346,0.973411728133,0.));
#2167 = ORIENTED_EDGE('',*,*,#2137,.F.);
#2168 = PLANE('',#2169);
#2169 = AXIS2_PLACEMENT_3D('',#2170,#2171,#2172);
#2170 = CARTESIAN_POINT('',(163.529312,-189.790329,4.));
#2171 = DIRECTION('',(-0.973411728133,-0.229062453346,0.));
#2172 = DIRECTION('',(-0.229062453346,0.973411728133,0.));
#2173 = ADVANCED_FACE('',(#2174),#2199,.F.);
#2174 = FACE_BOUND('',#2175,.F.);
#2175 = EDGE_LOOP('',(#2176,#2177,#2185,#2193));
#2176 = ORIENTED_EDGE('',*,*,#635,.T.);
#2177 = ORIENTED_EDGE('',*,*,#2178,.T.);
#2178 = EDGE_CURVE('',#638,#2179,#2181,.T.);
#2179 = VERTEX_POINT('',#2180);
#2180 = CARTESIAN_POINT('',(173.421875,-177.167862,6.));
#2181 = LINE('',#2182,#2183);
#2182 = CARTESIAN_POINT('',(173.421875,-177.167862,4.));
#2183 = VECTOR('',#2184,1.);
#2184 = DIRECTION('',(0.,0.,1.));
#2185 = ORIENTED_EDGE('',*,*,#2186,.T.);
#2186 = EDGE_CURVE('',#2179,#2187,#2189,.T.);
#2187 = VERTEX_POINT('',#2188);
#2188 = CARTESIAN_POINT('',(171.116455,-177.258591,6.));
#2189 = LINE('',#2190,#2191);
#2190 = CARTESIAN_POINT('',(173.421875,-177.167862,6.));
#2191 = VECTOR('',#2192,1.);
#2192 = DIRECTION('',(-0.999226504084,-3.932421055125E-02,0.));
#2193 = ORIENTED_EDGE('',*,*,#2194,.F.);
#2194 = EDGE_CURVE('',#636,#2187,#2195,.T.);
#2195 = LINE('',#2196,#2197);
#2196 = CARTESIAN_POINT('',(171.116455,-177.258591,4.));
#2197 = VECTOR('',#2198,1.);
#2198 = DIRECTION('',(0.,0.,1.));
#2199 = PLANE('',#2200);
#2200 = AXIS2_PLACEMENT_3D('',#2201,#2202,#2203);
#2201 = CARTESIAN_POINT('',(173.421875,-177.167862,4.));
#2202 = DIRECTION('',(3.932421055125E-02,-0.999226504084,0.));
#2203 = DIRECTION('',(-0.999226504084,-3.932421055125E-02,0.));
#2204 = ADVANCED_FACE('',(#2205),#2223,.F.);
#2205 = FACE_BOUND('',#2206,.F.);
#2206 = EDGE_LOOP('',(#2207,#2208,#2209,#2217));
#2207 = ORIENTED_EDGE('',*,*,#741,.T.);
#2208 = ORIENTED_EDGE('',*,*,#2194,.T.);
#2209 = ORIENTED_EDGE('',*,*,#2210,.T.);
#2210 = EDGE_CURVE('',#2187,#2211,#2213,.T.);
#2211 = VERTEX_POINT('',#2212);
#2212 = CARTESIAN_POINT('',(168.552826,-178.540558,6.));
#2213 = LINE('',#2214,#2215);
#2214 = CARTESIAN_POINT('',(171.116455,-177.258591,6.));
#2215 = VECTOR('',#2216,1.);
#2216 = DIRECTION('',(-0.89440590814,-0.447256158688,0.));
#2217 = ORIENTED_EDGE('',*,*,#2218,.F.);
#2218 = EDGE_CURVE('',#734,#2211,#2219,.T.);
#2219 = LINE('',#2220,#2221);
#2220 = CARTESIAN_POINT('',(168.552826,-178.540558,4.));
#2221 = VECTOR('',#2222,1.);
#2222 = DIRECTION('',(0.,0.,1.));
#2223 = PLANE('',#2224);
#2224 = AXIS2_PLACEMENT_3D('',#2225,#2226,#2227);
#2225 = CARTESIAN_POINT('',(171.116455,-177.258591,4.));
#2226 = DIRECTION('',(0.447256158688,-0.89440590814,0.));
#2227 = DIRECTION('',(-0.89440590814,-0.447256158688,0.));
#2228 = ADVANCED_FACE('',(#2229),#2247,.F.);
#2229 = FACE_BOUND('',#2230,.F.);
#2230 = EDGE_LOOP('',(#2231,#2232,#2240,#2246));
#2231 = ORIENTED_EDGE('',*,*,#645,.T.);
#2232 = ORIENTED_EDGE('',*,*,#2233,.T.);
#2233 = EDGE_CURVE('',#646,#2234,#2236,.T.);
#2234 = VERTEX_POINT('',#2235);
#2235 = CARTESIAN_POINT('',(173.421875,-179.167862,6.));
#2236 = LINE('',#2237,#2238);
#2237 = CARTESIAN_POINT('',(173.421875,-179.167862,4.));
#2238 = VECTOR('',#2239,1.);
#2239 = DIRECTION('',(0.,0.,1.));
#2240 = ORIENTED_EDGE('',*,*,#2241,.T.);
#2241 = EDGE_CURVE('',#2234,#2179,#2242,.T.);
#2242 = LINE('',#2243,#2244);
#2243 = CARTESIAN_POINT('',(173.421875,-179.167862,6.));
#2244 = VECTOR('',#2245,1.);
#2245 = DIRECTION('',(0.,1.,0.));
#2246 = ORIENTED_EDGE('',*,*,#2178,.F.);
#2247 = PLANE('',#2248);
#2248 = AXIS2_PLACEMENT_3D('',#2249,#2250,#2251);
#2249 = CARTESIAN_POINT('',(173.421875,-179.167862,4.));
#2250 = DIRECTION('',(-1.,0.,0.));
#2251 = DIRECTION('',(0.,1.,0.));
#2252 = ADVANCED_FACE('',(#2253),#2271,.F.);
#2253 = FACE_BOUND('',#2254,.F.);
#2254 = EDGE_LOOP('',(#2255,#2256,#2257,#2265));
#2255 = ORIENTED_EDGE('',*,*,#733,.T.);
#2256 = ORIENTED_EDGE('',*,*,#2218,.T.);
#2257 = ORIENTED_EDGE('',*,*,#2258,.T.);
#2258 = EDGE_CURVE('',#2211,#2259,#2261,.T.);
#2259 = VERTEX_POINT('',#2260);
#2260 = CARTESIAN_POINT('',(167.895645,-179.466568,6.));
#2261 = LINE('',#2262,#2263);
#2262 = CARTESIAN_POINT('',(168.552826,-178.540558,6.));
#2263 = VECTOR('',#2264,1.);
#2264 = DIRECTION('',(-0.578754393118,-0.815501902172,0.));
#2265 = ORIENTED_EDGE('',*,*,#2266,.F.);
#2266 = EDGE_CURVE('',#726,#2259,#2267,.T.);
#2267 = LINE('',#2268,#2269);
#2268 = CARTESIAN_POINT('',(167.895645,-179.466568,4.));
#2269 = VECTOR('',#2270,1.);
#2270 = DIRECTION('',(0.,0.,1.));
#2271 = PLANE('',#2272);
#2272 = AXIS2_PLACEMENT_3D('',#2273,#2274,#2275);
#2273 = CARTESIAN_POINT('',(168.552826,-178.540558,4.));
#2274 = DIRECTION('',(0.815501902172,-0.578754393118,0.));
#2275 = DIRECTION('',(-0.578754393118,-0.815501902172,0.));
#2276 = ADVANCED_FACE('',(#2277),#2295,.F.);
#2277 = FACE_BOUND('',#2278,.F.);
#2278 = EDGE_LOOP('',(#2279,#2280,#2288,#2294));
#2279 = ORIENTED_EDGE('',*,*,#653,.T.);
#2280 = ORIENTED_EDGE('',*,*,#2281,.T.);
#2281 = EDGE_CURVE('',#654,#2282,#2284,.T.);
#2282 = VERTEX_POINT('',#2283);
#2283 = CARTESIAN_POINT('',(171.30101,-179.167862,6.));
#2284 = LINE('',#2285,#2286);
#2285 = CARTESIAN_POINT('',(171.30101,-179.167862,4.));
#2286 = VECTOR('',#2287,1.);
#2287 = DIRECTION('',(0.,0.,1.));
#2288 = ORIENTED_EDGE('',*,*,#2289,.T.);
#2289 = EDGE_CURVE('',#2282,#2234,#2290,.T.);
#2290 = LINE('',#2291,#2292);
#2291 = CARTESIAN_POINT('',(171.30101,-179.167862,6.));
#2292 = VECTOR('',#2293,1.);
#2293 = DIRECTION('',(1.,0.,0.));
#2294 = ORIENTED_EDGE('',*,*,#2233,.F.);
#2295 = PLANE('',#2296);
#2296 = AXIS2_PLACEMENT_3D('',#2297,#2298,#2299);
#2297 = CARTESIAN_POINT('',(171.30101,-179.167862,4.));
#2298 = DIRECTION('',(0.,1.,0.));
#2299 = DIRECTION('',(1.,0.,0.));
#2300 = ADVANCED_FACE('',(#2301),#2319,.F.);
#2301 = FACE_BOUND('',#2302,.F.);
#2302 = EDGE_LOOP('',(#2303,#2304,#2305,#2313));
#2303 = ORIENTED_EDGE('',*,*,#725,.T.);
#2304 = ORIENTED_EDGE('',*,*,#2266,.T.);
#2305 = ORIENTED_EDGE('',*,*,#2306,.T.);
#2306 = EDGE_CURVE('',#2259,#2307,#2309,.T.);
#2307 = VERTEX_POINT('',#2308);
#2308 = CARTESIAN_POINT('',(167.656677,-180.362717,6.));
#2309 = LINE('',#2310,#2311);
#2310 = CARTESIAN_POINT('',(167.895645,-179.466568,6.));
#2311 = VECTOR('',#2312,1.);
#2312 = DIRECTION('',(-0.257657550313,-0.966236299653,0.));
#2313 = ORIENTED_EDGE('',*,*,#2314,.F.);
#2314 = EDGE_CURVE('',#718,#2307,#2315,.T.);
#2315 = LINE('',#2316,#2317);
#2316 = CARTESIAN_POINT('',(167.656677,-180.362717,4.));
#2317 = VECTOR('',#2318,1.);
#2318 = DIRECTION('',(0.,0.,1.));
#2319 = PLANE('',#2320);
#2320 = AXIS2_PLACEMENT_3D('',#2321,#2322,#2323);
#2321 = CARTESIAN_POINT('',(167.895645,-179.466568,4.));
#2322 = DIRECTION('',(0.966236299653,-0.257657550313,0.));
#2323 = DIRECTION('',(-0.257657550313,-0.966236299653,0.));
#2324 = ADVANCED_FACE('',(#2325),#2343,.F.);
#2325 = FACE_BOUND('',#2326,.F.);
#2326 = EDGE_LOOP('',(#2327,#2328,#2336,#2342));
#2327 = ORIENTED_EDGE('',*,*,#661,.T.);
#2328 = ORIENTED_EDGE('',*,*,#2329,.T.);
#2329 = EDGE_CURVE('',#662,#2330,#2332,.T.);
#2330 = VERTEX_POINT('',#2331);
#2331 = CARTESIAN_POINT('',(169.747681,-180.362717,6.));
#2332 = LINE('',#2333,#2334);
#2333 = CARTESIAN_POINT('',(169.747681,-180.362717,4.));
#2334 = VECTOR('',#2335,1.);
#2335 = DIRECTION('',(0.,0.,1.));
#2336 = ORIENTED_EDGE('',*,*,#2337,.T.);
#2337 = EDGE_CURVE('',#2330,#2282,#2338,.T.);
#2338 = LINE('',#2339,#2340);
#2339 = CARTESIAN_POINT('',(169.747681,-180.362717,6.));
#2340 = VECTOR('',#2341,1.);
#2341 = DIRECTION('',(0.792627308736,0.609706445305,0.));
#2342 = ORIENTED_EDGE('',*,*,#2281,.F.);
#2343 = PLANE('',#2344);
#2344 = AXIS2_PLACEMENT_3D('',#2345,#2346,#2347);
#2345 = CARTESIAN_POINT('',(169.747681,-180.362717,4.));
#2346 = DIRECTION('',(-0.609706445305,0.792627308736,0.));
#2347 = DIRECTION('',(0.792627308736,0.609706445305,0.));
#2348 = ADVANCED_FACE('',(#2349),#2367,.F.);
#2349 = FACE_BOUND('',#2350,.F.);
#2350 = EDGE_LOOP('',(#2351,#2352,#2353,#2361));
#2351 = ORIENTED_EDGE('',*,*,#717,.T.);
#2352 = ORIENTED_EDGE('',*,*,#2314,.T.);
#2353 = ORIENTED_EDGE('',*,*,#2354,.T.);
#2354 = EDGE_CURVE('',#2307,#2355,#2357,.T.);
#2355 = VERTEX_POINT('',#2356);
#2356 = CARTESIAN_POINT('',(167.656677,-187.920212,6.));
#2357 = LINE('',#2358,#2359);
#2358 = CARTESIAN_POINT('',(167.656677,-180.362717,6.));
#2359 = VECTOR('',#2360,1.);
#2360 = DIRECTION('',(0.,-1.,0.));
#2361 = ORIENTED_EDGE('',*,*,#2362,.F.);
#2362 = EDGE_CURVE('',#710,#2355,#2363,.T.);
#2363 = LINE('',#2364,#2365);
#2364 = CARTESIAN_POINT('',(167.656677,-187.920212,4.));
#2365 = VECTOR('',#2366,1.);
#2366 = DIRECTION('',(0.,0.,1.));
#2367 = PLANE('',#2368);
#2368 = AXIS2_PLACEMENT_3D('',#2369,#2370,#2371);
#2369 = CARTESIAN_POINT('',(167.656677,-180.362717,4.));
#2370 = DIRECTION('',(1.,0.,0.));
#2371 = DIRECTION('',(0.,-1.,0.));
#2372 = ADVANCED_FACE('',(#2373),#2391,.F.);
#2373 = FACE_BOUND('',#2374,.F.);
#2374 = EDGE_LOOP('',(#2375,#2376,#2384,#2390));
#2375 = ORIENTED_EDGE('',*,*,#669,.T.);
#2376 = ORIENTED_EDGE('',*,*,#2377,.T.);
#2377 = EDGE_CURVE('',#670,#2378,#2380,.T.);
#2378 = VERTEX_POINT('',#2379);
#2379 = CARTESIAN_POINT('',(169.747681,-187.352646,6.));
#2380 = LINE('',#2381,#2382);
#2381 = CARTESIAN_POINT('',(169.747681,-187.352646,4.));
#2382 = VECTOR('',#2383,1.);
#2383 = DIRECTION('',(0.,0.,1.));
#2384 = ORIENTED_EDGE('',*,*,#2385,.T.);
#2385 = EDGE_CURVE('',#2378,#2330,#2386,.T.);
#2386 = LINE('',#2387,#2388);
#2387 = CARTESIAN_POINT('',(169.747681,-187.352646,6.));
#2388 = VECTOR('',#2389,1.);
#2389 = DIRECTION('',(0.,1.,0.));
#2390 = ORIENTED_EDGE('',*,*,#2329,.F.);
#2391 = PLANE('',#2392);
#2392 = AXIS2_PLACEMENT_3D('',#2393,#2394,#2395);
#2393 = CARTESIAN_POINT('',(169.747681,-187.352646,4.));
#2394 = DIRECTION('',(-1.,0.,0.));
#2395 = DIRECTION('',(0.,1.,0.));
#2396 = ADVANCED_FACE('',(#2397),#2415,.F.);
#2397 = FACE_BOUND('',#2398,.F.);
#2398 = EDGE_LOOP('',(#2399,#2400,#2401,#2409));
#2399 = ORIENTED_EDGE('',*,*,#709,.T.);
#2400 = ORIENTED_EDGE('',*,*,#2362,.T.);
#2401 = ORIENTED_EDGE('',*,*,#2402,.T.);
#2402 = EDGE_CURVE('',#2355,#2403,#2405,.T.);
#2403 = VERTEX_POINT('',#2404);
#2404 = CARTESIAN_POINT('',(168.194366,-188.786484,6.));
#2405 = LINE('',#2406,#2407);
#2406 = CARTESIAN_POINT('',(167.656677,-187.920212,6.));
#2407 = VECTOR('',#2408,1.);
#2408 = DIRECTION('',(0.52736493703,-0.849638878107,0.));
#2409 = ORIENTED_EDGE('',*,*,#2410,.F.);
#2410 = EDGE_CURVE('',#702,#2403,#2411,.T.);
#2411 = LINE('',#2412,#2413);
#2412 = CARTESIAN_POINT('',(168.194366,-188.786484,4.));
#2413 = VECTOR('',#2414,1.);
#2414 = DIRECTION('',(0.,0.,1.));
#2415 = PLANE('',#2416);
#2416 = AXIS2_PLACEMENT_3D('',#2417,#2418,#2419);
#2417 = CARTESIAN_POINT('',(167.656677,-187.920212,4.));
#2418 = DIRECTION('',(0.849638878107,0.52736493703,0.));
#2419 = DIRECTION('',(0.52736493703,-0.849638878107,0.));
#2420 = ADVANCED_FACE('',(#2421),#2439,.F.);
#2421 = FACE_BOUND('',#2422,.F.);
#2422 = EDGE_LOOP('',(#2423,#2424,#2432,#2438));
#2423 = ORIENTED_EDGE('',*,*,#677,.T.);
#2424 = ORIENTED_EDGE('',*,*,#2425,.T.);
#2425 = EDGE_CURVE('',#678,#2426,#2428,.T.);
#2426 = VERTEX_POINT('',#2427);
#2427 = CARTESIAN_POINT('',(173.541367,-187.652756,6.));
#2428 = LINE('',#2429,#2430);
#2429 = CARTESIAN_POINT('',(173.541367,-187.652756,4.));
#2430 = VECTOR('',#2431,1.);
#2431 = DIRECTION('',(0.,0.,1.));
#2432 = ORIENTED_EDGE('',*,*,#2433,.T.);
#2433 = EDGE_CURVE('',#2426,#2378,#2434,.T.);
#2434 = LINE('',#2435,#2436);
#2435 = CARTESIAN_POINT('',(173.541367,-187.652756,6.));
#2436 = VECTOR('',#2437,1.);
#2437 = DIRECTION('',(-0.996885591154,7.886138567113E-02,0.));
#2438 = ORIENTED_EDGE('',*,*,#2377,.F.);
#2439 = PLANE('',#2440);
#2440 = AXIS2_PLACEMENT_3D('',#2441,#2442,#2443);
#2441 = CARTESIAN_POINT('',(173.541367,-187.652756,4.));
#2442 = DIRECTION('',(-7.886138567113E-02,-0.996885591154,0.));
#2443 = DIRECTION('',(-0.996885591154,7.886138567113E-02,0.));
#2444 = ADVANCED_FACE('',(#2445),#2463,.F.);
#2445 = FACE_BOUND('',#2446,.F.);
#2446 = EDGE_LOOP('',(#2447,#2448,#2449,#2457));
#2447 = ORIENTED_EDGE('',*,*,#701,.T.);
#2448 = ORIENTED_EDGE('',*,*,#2410,.T.);
#2449 = ORIENTED_EDGE('',*,*,#2450,.T.);
#2450 = EDGE_CURVE('',#2403,#2451,#2453,.T.);
#2451 = VERTEX_POINT('',#2452);
#2452 = CARTESIAN_POINT('',(169.628204,-189.473526,6.));
#2453 = LINE('',#2454,#2455);
#2454 = CARTESIAN_POINT('',(168.194366,-188.786484,6.));
#2455 = VECTOR('',#2456,1.);
#2456 = DIRECTION('',(0.901817346126,-0.432117431061,0.));
#2457 = ORIENTED_EDGE('',*,*,#2458,.F.);
#2458 = EDGE_CURVE('',#694,#2451,#2459,.T.);
#2459 = LINE('',#2460,#2461);
#2460 = CARTESIAN_POINT('',(169.628204,-189.473526,4.));
#2461 = VECTOR('',#2462,1.);
#2462 = DIRECTION('',(0.,0.,1.));
#2463 = PLANE('',#2464);
#2464 = AXIS2_PLACEMENT_3D('',#2465,#2466,#2467);
#2465 = CARTESIAN_POINT('',(168.194366,-188.786484,4.));
#2466 = DIRECTION('',(0.432117431061,0.901817346126,0.));
#2467 = DIRECTION('',(0.901817346126,-0.432117431061,0.));
#2468 = ADVANCED_FACE('',(#2469),#2487,.F.);
#2469 = FACE_BOUND('',#2470,.F.);
#2470 = EDGE_LOOP('',(#2471,#2472,#2480,#2486));
#2471 = ORIENTED_EDGE('',*,*,#685,.T.);
#2472 = ORIENTED_EDGE('',*,*,#2473,.T.);
#2473 = EDGE_CURVE('',#686,#2474,#2476,.T.);
#2474 = VERTEX_POINT('',#2475);
#2475 = CARTESIAN_POINT('',(173.541367,-189.652756,6.));
#2476 = LINE('',#2477,#2478);
#2477 = CARTESIAN_POINT('',(173.541367,-189.652756,4.));
#2478 = VECTOR('',#2479,1.);
#2479 = DIRECTION('',(0.,0.,1.));
#2480 = ORIENTED_EDGE('',*,*,#2481,.T.);
#2481 = EDGE_CURVE('',#2474,#2426,#2482,.T.);
#2482 = LINE('',#2483,#2484);
#2483 = CARTESIAN_POINT('',(173.541367,-189.652756,6.));
#2484 = VECTOR('',#2485,1.);
#2485 = DIRECTION('',(0.,1.,0.));
#2486 = ORIENTED_EDGE('',*,*,#2425,.F.);
#2487 = PLANE('',#2488);
#2488 = AXIS2_PLACEMENT_3D('',#2489,#2490,#2491);
#2489 = CARTESIAN_POINT('',(173.541367,-189.652756,4.));
#2490 = DIRECTION('',(-1.,0.,0.));
#2491 = DIRECTION('',(0.,1.,0.));
#2492 = ADVANCED_FACE('',(#2493),#2504,.F.);
#2493 = FACE_BOUND('',#2494,.F.);
#2494 = EDGE_LOOP('',(#2495,#2496,#2497,#2503));
#2495 = ORIENTED_EDGE('',*,*,#693,.T.);
#2496 = ORIENTED_EDGE('',*,*,#2458,.T.);
#2497 = ORIENTED_EDGE('',*,*,#2498,.T.);
#2498 = EDGE_CURVE('',#2451,#2474,#2499,.T.);
#2499 = LINE('',#2500,#2501);
#2500 = CARTESIAN_POINT('',(169.628204,-189.473526,6.));
#2501 = VECTOR('',#2502,1.);
#2502 = DIRECTION('',(0.998952743912,-4.575385699278E-02,0.));
#2503 = ORIENTED_EDGE('',*,*,#2473,.F.);
#2504 = PLANE('',#2505);
#2505 = AXIS2_PLACEMENT_3D('',#2506,#2507,#2508);
#2506 = CARTESIAN_POINT('',(169.628204,-189.473526,4.));
#2507 = DIRECTION('',(4.575385699278E-02,0.998952743912,0.));
#2508 = DIRECTION('',(0.998952743912,-4.575385699278E-02,0.));
#2509 = ADVANCED_FACE('',(#2510),#2535,.T.);
#2510 = FACE_BOUND('',#2511,.T.);
#2511 = EDGE_LOOP('',(#2512,#2513,#2521,#2529));
#2512 = ORIENTED_EDGE('',*,*,#749,.T.);
#2513 = ORIENTED_EDGE('',*,*,#2514,.T.);
#2514 = EDGE_CURVE('',#752,#2515,#2517,.T.);
#2515 = VERTEX_POINT('',#2516);
#2516 = CARTESIAN_POINT('',(200.945084,-189.777426,6.));
#2517 = LINE('',#2518,#2519);
#2518 = CARTESIAN_POINT('',(200.945084,-189.777426,4.));
#2519 = VECTOR('',#2520,1.);
#2520 = DIRECTION('',(0.,0.,1.));
#2521 = ORIENTED_EDGE('',*,*,#2522,.T.);
#2522 = EDGE_CURVE('',#2515,#2523,#2525,.T.);
#2523 = VERTEX_POINT('',#2524);
#2524 = CARTESIAN_POINT('',(200.945084,-177.212402,6.));
#2525 = LINE('',#2526,#2527);
#2526 = CARTESIAN_POINT('',(200.945084,-189.777426,6.));
#2527 = VECTOR('',#2528,1.);
#2528 = DIRECTION('',(0.,1.,0.));
#2529 = ORIENTED_EDGE('',*,*,#2530,.F.);
#2530 = EDGE_CURVE('',#750,#2523,#2531,.T.);
#2531 = LINE('',#2532,#2533);
#2532 = CARTESIAN_POINT('',(200.945084,-177.212402,4.));
#2533 = VECTOR('',#2534,1.);
#2534 = DIRECTION('',(0.,0.,1.));
#2535 = PLANE('',#2536);
#2536 = AXIS2_PLACEMENT_3D('',#2537,#2538,#2539);
#2537 = CARTESIAN_POINT('',(200.945084,-189.777426,4.));
#2538 = DIRECTION('',(-1.,0.,0.));
#2539 = DIRECTION('',(0.,1.,0.));
#2540 = ADVANCED_FACE('',(#2541),#2559,.T.);
#2541 = FACE_BOUND('',#2542,.T.);
#2542 = EDGE_LOOP('',(#2543,#2544,#2552,#2558));
#2543 = ORIENTED_EDGE('',*,*,#823,.T.);
#2544 = ORIENTED_EDGE('',*,*,#2545,.T.);
#2545 = EDGE_CURVE('',#816,#2546,#2548,.T.);
#2546 = VERTEX_POINT('',#2547);
#2547 = CARTESIAN_POINT('',(202.930283,-189.777426,6.));
#2548 = LINE('',#2549,#2550);
#2549 = CARTESIAN_POINT('',(202.930283,-189.777426,4.));
#2550 = VECTOR('',#2551,1.);
#2551 = DIRECTION('',(0.,0.,1.));
#2552 = ORIENTED_EDGE('',*,*,#2553,.T.);
#2553 = EDGE_CURVE('',#2546,#2515,#2554,.T.);
#2554 = LINE('',#2555,#2556);
#2555 = CARTESIAN_POINT('',(202.930283,-189.777426,6.));
#2556 = VECTOR('',#2557,1.);
#2557 = DIRECTION('',(-1.,0.,0.));
#2558 = ORIENTED_EDGE('',*,*,#2514,.F.);
#2559 = PLANE('',#2560);
#2560 = AXIS2_PLACEMENT_3D('',#2561,#2562,#2563);
#2561 = CARTESIAN_POINT('',(202.930283,-189.777426,4.));
#2562 = DIRECTION('',(0.,-1.,0.));
#2563 = DIRECTION('',(-1.,0.,0.));
#2564 = ADVANCED_FACE('',(#2565),#2583,.T.);
#2565 = FACE_BOUND('',#2566,.T.);
#2566 = EDGE_LOOP('',(#2567,#2568,#2576,#2582));
#2567 = ORIENTED_EDGE('',*,*,#815,.T.);
#2568 = ORIENTED_EDGE('',*,*,#2569,.T.);
#2569 = EDGE_CURVE('',#808,#2570,#2572,.T.);
#2570 = VERTEX_POINT('',#2571);
#2571 = CARTESIAN_POINT('',(202.930283,-181.377426,6.));
#2572 = LINE('',#2573,#2574);
#2573 = CARTESIAN_POINT('',(202.930283,-181.377426,4.));
#2574 = VECTOR('',#2575,1.);
#2575 = DIRECTION('',(0.,0.,1.));
#2576 = ORIENTED_EDGE('',*,*,#2577,.T.);
#2577 = EDGE_CURVE('',#2570,#2546,#2578,.T.);
#2578 = LINE('',#2579,#2580);
#2579 = CARTESIAN_POINT('',(202.930283,-181.377426,6.));
#2580 = VECTOR('',#2581,1.);
#2581 = DIRECTION('',(0.,-1.,0.));
#2582 = ORIENTED_EDGE('',*,*,#2545,.F.);
#2583 = PLANE('',#2584);
#2584 = AXIS2_PLACEMENT_3D('',#2585,#2586,#2587);
#2585 = CARTESIAN_POINT('',(202.930283,-181.377426,4.));
#2586 = DIRECTION('',(1.,0.,0.));
#2587 = DIRECTION('',(0.,-1.,0.));
#2588 = ADVANCED_FACE('',(#2589),#2607,.T.);
#2589 = FACE_BOUND('',#2590,.T.);
#2590 = EDGE_LOOP('',(#2591,#2592,#2600,#2606));
#2591 = ORIENTED_EDGE('',*,*,#807,.T.);
#2592 = ORIENTED_EDGE('',*,*,#2593,.T.);
#2593 = EDGE_CURVE('',#800,#2594,#2596,.T.);
#2594 = VERTEX_POINT('',#2595);
#2595 = CARTESIAN_POINT('',(207.029526,-189.97998,6.));
#2596 = LINE('',#2597,#2598);
#2597 = CARTESIAN_POINT('',(207.029526,-189.97998,4.));
#2598 = VECTOR('',#2599,1.);
#2599 = DIRECTION('',(0.,0.,1.));
#2600 = ORIENTED_EDGE('',*,*,#2601,.T.);
#2601 = EDGE_CURVE('',#2594,#2570,#2602,.T.);
#2602 = LINE('',#2603,#2604);
#2603 = CARTESIAN_POINT('',(207.029526,-189.97998,6.));
#2604 = VECTOR('',#2605,1.);
#2605 = DIRECTION('',(-0.430172117867,0.902746890889,0.));
#2606 = ORIENTED_EDGE('',*,*,#2569,.F.);
#2607 = PLANE('',#2608);
#2608 = AXIS2_PLACEMENT_3D('',#2609,#2610,#2611);
#2609 = CARTESIAN_POINT('',(207.029526,-189.97998,4.));
#2610 = DIRECTION('',(-0.902746890889,-0.430172117867,0.));
#2611 = DIRECTION('',(-0.430172117867,0.902746890889,0.));
#2612 = ADVANCED_FACE('',(#2613),#2631,.T.);
#2613 = FACE_BOUND('',#2614,.T.);
#2614 = EDGE_LOOP('',(#2615,#2616,#2624,#2630));
#2615 = ORIENTED_EDGE('',*,*,#799,.T.);
#2616 = ORIENTED_EDGE('',*,*,#2617,.T.);
#2617 = EDGE_CURVE('',#792,#2618,#2620,.T.);
#2618 = VERTEX_POINT('',#2619);
#2619 = CARTESIAN_POINT('',(210.029526,-189.97998,6.));
#2620 = LINE('',#2621,#2622);
#2621 = CARTESIAN_POINT('',(210.029526,-189.97998,4.));
#2622 = VECTOR('',#2623,1.);
#2623 = DIRECTION('',(0.,0.,1.));
#2624 = ORIENTED_EDGE('',*,*,#2625,.T.);
#2625 = EDGE_CURVE('',#2618,#2594,#2626,.T.);
#2626 = LINE('',#2627,#2628);
#2627 = CARTESIAN_POINT('',(210.029526,-189.97998,6.));
#2628 = VECTOR('',#2629,1.);
#2629 = DIRECTION('',(-1.,0.,0.));
#2630 = ORIENTED_EDGE('',*,*,#2593,.F.);
#2631 = PLANE('',#2632);
#2632 = AXIS2_PLACEMENT_3D('',#2633,#2634,#2635);
#2633 = CARTESIAN_POINT('',(210.029526,-189.97998,4.));
#2634 = DIRECTION('',(0.,-1.,0.));
#2635 = DIRECTION('',(-1.,0.,0.));
#2636 = ADVANCED_FACE('',(#2637),#2655,.T.);
#2637 = FACE_BOUND('',#2638,.T.);
#2638 = EDGE_LOOP('',(#2639,#2640,#2648,#2654));
#2639 = ORIENTED_EDGE('',*,*,#791,.T.);
#2640 = ORIENTED_EDGE('',*,*,#2641,.T.);
#2641 = EDGE_CURVE('',#784,#2642,#2644,.T.);
#2642 = VERTEX_POINT('',#2643);
#2643 = CARTESIAN_POINT('',(210.029526,-177.173477,6.));
#2644 = LINE('',#2645,#2646);
#2645 = CARTESIAN_POINT('',(210.029526,-177.173477,4.));
#2646 = VECTOR('',#2647,1.);
#2647 = DIRECTION('',(0.,0.,1.));
#2648 = ORIENTED_EDGE('',*,*,#2649,.T.);
#2649 = EDGE_CURVE('',#2642,#2618,#2650,.T.);
#2650 = LINE('',#2651,#2652);
#2651 = CARTESIAN_POINT('',(210.029526,-177.173477,6.));
#2652 = VECTOR('',#2653,1.);
#2653 = DIRECTION('',(0.,-1.,0.));
#2654 = ORIENTED_EDGE('',*,*,#2617,.F.);
#2655 = PLANE('',#2656);
#2656 = AXIS2_PLACEMENT_3D('',#2657,#2658,#2659);
#2657 = CARTESIAN_POINT('',(210.029526,-177.173477,4.));
#2658 = DIRECTION('',(1.,0.,0.));
#2659 = DIRECTION('',(0.,-1.,0.));
#2660 = ADVANCED_FACE('',(#2661),#2679,.T.);
#2661 = FACE_BOUND('',#2662,.T.);
#2662 = EDGE_LOOP('',(#2663,#2664,#2672,#2678));
#2663 = ORIENTED_EDGE('',*,*,#783,.T.);
#2664 = ORIENTED_EDGE('',*,*,#2665,.T.);
#2665 = EDGE_CURVE('',#776,#2666,#2668,.T.);
#2666 = VERTEX_POINT('',#2667);
#2667 = CARTESIAN_POINT('',(208.029526,-177.173477,6.));
#2668 = LINE('',#2669,#2670);
#2669 = CARTESIAN_POINT('',(208.029526,-177.173477,4.));
#2670 = VECTOR('',#2671,1.);
#2671 = DIRECTION('',(0.,0.,1.));
#2672 = ORIENTED_EDGE('',*,*,#2673,.T.);
#2673 = EDGE_CURVE('',#2666,#2642,#2674,.T.);
#2674 = LINE('',#2675,#2676);
#2675 = CARTESIAN_POINT('',(208.029526,-177.173477,6.));
#2676 = VECTOR('',#2677,1.);
#2677 = DIRECTION('',(1.,0.,0.));
#2678 = ORIENTED_EDGE('',*,*,#2641,.F.);
#2679 = PLANE('',#2680);
#2680 = AXIS2_PLACEMENT_3D('',#2681,#2682,#2683);
#2681 = CARTESIAN_POINT('',(208.029526,-177.173477,4.));
#2682 = DIRECTION('',(0.,1.,0.));
#2683 = DIRECTION('',(1.,0.,0.));
#2684 = ADVANCED_FACE('',(#2685),#2703,.T.);
#2685 = FACE_BOUND('',#2686,.T.);
#2686 = EDGE_LOOP('',(#2687,#2688,#2696,#2702));
#2687 = ORIENTED_EDGE('',*,*,#775,.T.);
#2688 = ORIENTED_EDGE('',*,*,#2689,.T.);
#2689 = EDGE_CURVE('',#768,#2690,#2692,.T.);
#2690 = VERTEX_POINT('',#2691);
#2691 = CARTESIAN_POINT('',(208.029526,-187.605515,6.));
#2692 = LINE('',#2693,#2694);
#2693 = CARTESIAN_POINT('',(208.029526,-187.605515,4.));
#2694 = VECTOR('',#2695,1.);
#2695 = DIRECTION('',(0.,0.,1.));
#2696 = ORIENTED_EDGE('',*,*,#2697,.T.);
#2697 = EDGE_CURVE('',#2690,#2666,#2698,.T.);
#2698 = LINE('',#2699,#2700);
#2699 = CARTESIAN_POINT('',(208.029526,-187.605515,6.));
#2700 = VECTOR('',#2701,1.);
#2701 = DIRECTION('',(0.,1.,0.));
#2702 = ORIENTED_EDGE('',*,*,#2665,.F.);
#2703 = PLANE('',#2704);
#2704 = AXIS2_PLACEMENT_3D('',#2705,#2706,#2707);
#2705 = CARTESIAN_POINT('',(208.029526,-187.605515,4.));
#2706 = DIRECTION('',(-1.,0.,0.));
#2707 = DIRECTION('',(0.,1.,0.));
#2708 = ADVANCED_FACE('',(#2709),#2727,.T.);
#2709 = FACE_BOUND('',#2710,.T.);
#2710 = EDGE_LOOP('',(#2711,#2712,#2720,#2726));
#2711 = ORIENTED_EDGE('',*,*,#767,.T.);
#2712 = ORIENTED_EDGE('',*,*,#2713,.T.);
#2713 = EDGE_CURVE('',#760,#2714,#2716,.T.);
#2714 = VERTEX_POINT('',#2715);
#2715 = CARTESIAN_POINT('',(202.945084,-177.212402,6.));
#2716 = LINE('',#2717,#2718);
#2717 = CARTESIAN_POINT('',(202.945084,-177.212402,4.));
#2718 = VECTOR('',#2719,1.);
#2719 = DIRECTION('',(0.,0.,1.));
#2720 = ORIENTED_EDGE('',*,*,#2721,.T.);
#2721 = EDGE_CURVE('',#2714,#2690,#2722,.T.);
#2722 = LINE('',#2723,#2724);
#2723 = CARTESIAN_POINT('',(202.945084,-177.212402,6.));
#2724 = VECTOR('',#2725,1.);
#2725 = DIRECTION('',(0.439444815482,-0.898269588791,0.));
#2726 = ORIENTED_EDGE('',*,*,#2689,.F.);
#2727 = PLANE('',#2728);
#2728 = AXIS2_PLACEMENT_3D('',#2729,#2730,#2731);
#2729 = CARTESIAN_POINT('',(202.945084,-177.212402,4.));
#2730 = DIRECTION('',(0.898269588791,0.439444815482,0.));
#2731 = DIRECTION('',(0.439444815482,-0.898269588791,0.));
#2732 = ADVANCED_FACE('',(#2733),#2744,.T.);
#2733 = FACE_BOUND('',#2734,.T.);
#2734 = EDGE_LOOP('',(#2735,#2736,#2737,#2743));
#2735 = ORIENTED_EDGE('',*,*,#759,.T.);
#2736 = ORIENTED_EDGE('',*,*,#2530,.T.);
#2737 = ORIENTED_EDGE('',*,*,#2738,.T.);
#2738 = EDGE_CURVE('',#2523,#2714,#2739,.T.);
#2739 = LINE('',#2740,#2741);
#2740 = CARTESIAN_POINT('',(200.945084,-177.212402,6.));
#2741 = VECTOR('',#2742,1.);
#2742 = DIRECTION('',(1.,0.,0.));
#2743 = ORIENTED_EDGE('',*,*,#2713,.F.);
#2744 = PLANE('',#2745);
#2745 = AXIS2_PLACEMENT_3D('',#2746,#2747,#2748);
#2746 = CARTESIAN_POINT('',(200.945084,-177.212402,4.));
#2747 = DIRECTION('',(0.,1.,0.));
#2748 = DIRECTION('',(1.,0.,0.));
#2749 = ADVANCED_FACE('',(#2750),#2775,.F.);
#2750 = FACE_BOUND('',#2751,.F.);
#2751 = EDGE_LOOP('',(#2752,#2753,#2761,#2769));
#2752 = ORIENTED_EDGE('',*,*,#831,.T.);
#2753 = ORIENTED_EDGE('',*,*,#2754,.T.);
#2754 = EDGE_CURVE('',#834,#2755,#2757,.T.);
#2755 = VERTEX_POINT('',#2756);
#2756 = CARTESIAN_POINT('',(175.354507,-189.698883,6.));
#2757 = LINE('',#2758,#2759);
#2758 = CARTESIAN_POINT('',(175.354507,-189.698883,4.));
#2759 = VECTOR('',#2760,1.);
#2760 = DIRECTION('',(0.,0.,1.));
#2761 = ORIENTED_EDGE('',*,*,#2762,.T.);
#2762 = EDGE_CURVE('',#2755,#2763,#2765,.T.);
#2763 = VERTEX_POINT('',#2764);
#2764 = CARTESIAN_POINT('',(177.354507,-189.698883,6.));
#2765 = LINE('',#2766,#2767);
#2766 = CARTESIAN_POINT('',(175.354507,-189.698883,6.));
#2767 = VECTOR('',#2768,1.);
#2768 = DIRECTION('',(1.,0.,0.));
#2769 = ORIENTED_EDGE('',*,*,#2770,.F.);
#2770 = EDGE_CURVE('',#832,#2763,#2771,.T.);
#2771 = LINE('',#2772,#2773);
#2772 = CARTESIAN_POINT('',(177.354507,-189.698883,4.));
#2773 = VECTOR('',#2774,1.);
#2774 = DIRECTION('',(0.,0.,1.));
#2775 = PLANE('',#2776);
#2776 = AXIS2_PLACEMENT_3D('',#2777,#2778,#2779);
#2777 = CARTESIAN_POINT('',(175.354507,-189.698883,4.));
#2778 = DIRECTION('',(0.,1.,0.));
#2779 = DIRECTION('',(1.,0.,0.));
#2780 = ADVANCED_FACE('',(#2781),#2799,.F.);
#2781 = FACE_BOUND('',#2782,.F.);
#2782 = EDGE_LOOP('',(#2783,#2784,#2785,#2793));
#2783 = ORIENTED_EDGE('',*,*,#921,.T.);
#2784 = ORIENTED_EDGE('',*,*,#2770,.T.);
#2785 = ORIENTED_EDGE('',*,*,#2786,.T.);
#2786 = EDGE_CURVE('',#2763,#2787,#2789,.T.);
#2787 = VERTEX_POINT('',#2788);
#2788 = CARTESIAN_POINT('',(177.354507,-184.195206,6.));
#2789 = LINE('',#2790,#2791);
#2790 = CARTESIAN_POINT('',(177.354507,-189.698883,6.));
#2791 = VECTOR('',#2792,1.);
#2792 = DIRECTION('',(0.,1.,0.));
#2793 = ORIENTED_EDGE('',*,*,#2794,.F.);
#2794 = EDGE_CURVE('',#914,#2787,#2795,.T.);
#2795 = LINE('',#2796,#2797);
#2796 = CARTESIAN_POINT('',(177.354507,-184.195206,4.));
#2797 = VECTOR('',#2798,1.);
#2798 = DIRECTION('',(0.,0.,1.));
#2799 = PLANE('',#2800);
#2800 = AXIS2_PLACEMENT_3D('',#2801,#2802,#2803);
#2801 = CARTESIAN_POINT('',(177.354507,-189.698883,4.));
#2802 = DIRECTION('',(-1.,0.,0.));
#2803 = DIRECTION('',(0.,1.,0.));
#2804 = ADVANCED_FACE('',(#2805),#2823,.F.);
#2805 = FACE_BOUND('',#2806,.F.);
#2806 = EDGE_LOOP('',(#2807,#2808,#2816,#2822));
#2807 = ORIENTED_EDGE('',*,*,#841,.T.);
#2808 = ORIENTED_EDGE('',*,*,#2809,.T.);
#2809 = EDGE_CURVE('',#842,#2810,#2812,.T.);
#2810 = VERTEX_POINT('',#2811);
#2811 = CARTESIAN_POINT('',(175.354507,-177.213409,6.));
#2812 = LINE('',#2813,#2814);
#2813 = CARTESIAN_POINT('',(175.354507,-177.213409,4.));
#2814 = VECTOR('',#2815,1.);
#2815 = DIRECTION('',(0.,0.,1.));
#2816 = ORIENTED_EDGE('',*,*,#2817,.T.);
#2817 = EDGE_CURVE('',#2810,#2755,#2818,.T.);
#2818 = LINE('',#2819,#2820);
#2819 = CARTESIAN_POINT('',(175.354507,-177.213409,6.));
#2820 = VECTOR('',#2821,1.);
#2821 = DIRECTION('',(0.,-1.,0.));
#2822 = ORIENTED_EDGE('',*,*,#2754,.F.);
#2823 = PLANE('',#2824);
#2824 = AXIS2_PLACEMENT_3D('',#2825,#2826,#2827);
#2825 = CARTESIAN_POINT('',(175.354507,-177.213409,4.));
#2826 = DIRECTION('',(1.,0.,0.));
#2827 = DIRECTION('',(0.,-1.,0.));
#2828 = ADVANCED_FACE('',(#2829),#2847,.T.);
#2829 = FACE_BOUND('',#2830,.T.);
#2830 = EDGE_LOOP('',(#2831,#2832,#2833,#2841));
#2831 = ORIENTED_EDGE('',*,*,#2794,.F.);
#2832 = ORIENTED_EDGE('',*,*,#913,.T.);
#2833 = ORIENTED_EDGE('',*,*,#2834,.T.);
#2834 = EDGE_CURVE('',#906,#2835,#2837,.T.);
#2835 = VERTEX_POINT('',#2836);
#2836 = CARTESIAN_POINT('',(180.826721,-184.195206,6.));
#2837 = LINE('',#2838,#2839);
#2838 = CARTESIAN_POINT('',(180.826721,-184.195206,4.));
#2839 = VECTOR('',#2840,1.);
#2840 = DIRECTION('',(0.,0.,1.));
#2841 = ORIENTED_EDGE('',*,*,#2842,.F.);
#2842 = EDGE_CURVE('',#2787,#2835,#2843,.T.);
#2843 = LINE('',#2844,#2845);
#2844 = CARTESIAN_POINT('',(177.354507,-184.195206,6.));
#2845 = VECTOR('',#2846,1.);
#2846 = DIRECTION('',(1.,0.,0.));
#2847 = PLANE('',#2848);
#2848 = AXIS2_PLACEMENT_3D('',#2849,#2850,#2851);
#2849 = CARTESIAN_POINT('',(179.090614,-184.195206,5.));
#2850 = DIRECTION('',(-0.,-1.,-0.));
#2851 = DIRECTION('',(0.,0.,-1.));
#2852 = ADVANCED_FACE('',(#2853),#2871,.T.);
#2853 = FACE_BOUND('',#2854,.T.);
#2854 = EDGE_LOOP('',(#2855,#2856,#2857,#2865));
#2855 = ORIENTED_EDGE('',*,*,#849,.T.);
#2856 = ORIENTED_EDGE('',*,*,#2809,.T.);
#2857 = ORIENTED_EDGE('',*,*,#2858,.T.);
#2858 = EDGE_CURVE('',#2810,#2859,#2861,.T.);
#2859 = VERTEX_POINT('',#2860);
#2860 = CARTESIAN_POINT('',(177.354507,-177.213409,6.));
#2861 = LINE('',#2862,#2863);
#2862 = CARTESIAN_POINT('',(175.354507,-177.213409,6.));
#2863 = VECTOR('',#2864,1.);
#2864 = DIRECTION('',(1.,0.,0.));
#2865 = ORIENTED_EDGE('',*,*,#2866,.F.);
#2866 = EDGE_CURVE('',#850,#2859,#2867,.T.);
#2867 = LINE('',#2868,#2869);
#2868 = CARTESIAN_POINT('',(177.354507,-177.213409,4.));
#2869 = VECTOR('',#2870,1.);
#2870 = DIRECTION('',(0.,0.,1.));
#2871 = PLANE('',#2872);
#2872 = AXIS2_PLACEMENT_3D('',#2873,#2874,#2875);
#2873 = CARTESIAN_POINT('',(175.354507,-177.213409,4.));
#2874 = DIRECTION('',(0.,1.,0.));
#2875 = DIRECTION('',(1.,0.,0.));
#2876 = ADVANCED_FACE('',(#2877),#2895,.T.);
#2877 = FACE_BOUND('',#2878,.T.);
#2878 = EDGE_LOOP('',(#2879,#2880,#2881,#2889));
#2879 = ORIENTED_EDGE('',*,*,#2834,.F.);
#2880 = ORIENTED_EDGE('',*,*,#905,.T.);
#2881 = ORIENTED_EDGE('',*,*,#2882,.T.);
#2882 = EDGE_CURVE('',#898,#2883,#2885,.T.);
#2883 = VERTEX_POINT('',#2884);
#2884 = CARTESIAN_POINT('',(180.826721,-189.672302,6.));
#2885 = LINE('',#2886,#2887);
#2886 = CARTESIAN_POINT('',(180.826721,-189.672302,4.));
#2887 = VECTOR('',#2888,1.);
#2888 = DIRECTION('',(0.,0.,1.));
#2889 = ORIENTED_EDGE('',*,*,#2890,.F.);
#2890 = EDGE_CURVE('',#2835,#2883,#2891,.T.);
#2891 = LINE('',#2892,#2893);
#2892 = CARTESIAN_POINT('',(180.826721,-184.195206,6.));
#2893 = VECTOR('',#2894,1.);
#2894 = DIRECTION('',(0.,-1.,0.));
#2895 = PLANE('',#2896);
#2896 = AXIS2_PLACEMENT_3D('',#2897,#2898,#2899);
#2897 = CARTESIAN_POINT('',(180.826721,-186.933754,5.));
#2898 = DIRECTION('',(-1.,-0.,-0.));
#2899 = DIRECTION('',(0.,0.,-1.));
#2900 = ADVANCED_FACE('',(#2901),#2919,.T.);
#2901 = FACE_BOUND('',#2902,.T.);
#2902 = EDGE_LOOP('',(#2903,#2904,#2905,#2913));
#2903 = ORIENTED_EDGE('',*,*,#857,.T.);
#2904 = ORIENTED_EDGE('',*,*,#2866,.T.);
#2905 = ORIENTED_EDGE('',*,*,#2906,.T.);
#2906 = EDGE_CURVE('',#2859,#2907,#2909,.T.);
#2907 = VERTEX_POINT('',#2908);
#2908 = CARTESIAN_POINT('',(177.354507,-182.339676,6.));
#2909 = LINE('',#2910,#2911);
#2910 = CARTESIAN_POINT('',(177.354507,-177.213409,6.));
#2911 = VECTOR('',#2912,1.);
#2912 = DIRECTION('',(0.,-1.,0.));
#2913 = ORIENTED_EDGE('',*,*,#2914,.F.);
#2914 = EDGE_CURVE('',#858,#2907,#2915,.T.);
#2915 = LINE('',#2916,#2917);
#2916 = CARTESIAN_POINT('',(177.354507,-182.339676,4.));
#2917 = VECTOR('',#2918,1.);
#2918 = DIRECTION('',(0.,0.,1.));
#2919 = PLANE('',#2920);
#2920 = AXIS2_PLACEMENT_3D('',#2921,#2922,#2923);
#2921 = CARTESIAN_POINT('',(177.354507,-177.213409,4.));
#2922 = DIRECTION('',(1.,0.,0.));
#2923 = DIRECTION('',(0.,-1.,0.));
#2924 = ADVANCED_FACE('',(#2925),#2943,.T.);
#2925 = FACE_BOUND('',#2926,.T.);
#2926 = EDGE_LOOP('',(#2927,#2928,#2936,#2942));
#2927 = ORIENTED_EDGE('',*,*,#897,.T.);
#2928 = ORIENTED_EDGE('',*,*,#2929,.T.);
#2929 = EDGE_CURVE('',#890,#2930,#2932,.T.);
#2930 = VERTEX_POINT('',#2931);
#2931 = CARTESIAN_POINT('',(182.826721,-189.672302,6.));
#2932 = LINE('',#2933,#2934);
#2933 = CARTESIAN_POINT('',(182.826721,-189.672302,4.));
#2934 = VECTOR('',#2935,1.);
#2935 = DIRECTION('',(0.,0.,1.));
#2936 = ORIENTED_EDGE('',*,*,#2937,.T.);
#2937 = EDGE_CURVE('',#2930,#2883,#2938,.T.);
#2938 = LINE('',#2939,#2940);
#2939 = CARTESIAN_POINT('',(182.826721,-189.672302,6.));
#2940 = VECTOR('',#2941,1.);
#2941 = DIRECTION('',(-1.,0.,0.));
#2942 = ORIENTED_EDGE('',*,*,#2882,.F.);
#2943 = PLANE('',#2944);
#2944 = AXIS2_PLACEMENT_3D('',#2945,#2946,#2947);
#2945 = CARTESIAN_POINT('',(182.826721,-189.672302,4.));
#2946 = DIRECTION('',(0.,-1.,0.));
#2947 = DIRECTION('',(-1.,0.,0.));
#2948 = ADVANCED_FACE('',(#2949),#2967,.T.);
#2949 = FACE_BOUND('',#2950,.T.);
#2950 = EDGE_LOOP('',(#2951,#2952,#2953,#2961));
#2951 = ORIENTED_EDGE('',*,*,#865,.T.);
#2952 = ORIENTED_EDGE('',*,*,#2914,.T.);
#2953 = ORIENTED_EDGE('',*,*,#2954,.T.);
#2954 = EDGE_CURVE('',#2907,#2955,#2957,.T.);
#2955 = VERTEX_POINT('',#2956);
#2956 = CARTESIAN_POINT('',(180.826721,-182.339676,6.));
#2957 = LINE('',#2958,#2959);
#2958 = CARTESIAN_POINT('',(177.354507,-182.339676,6.));
#2959 = VECTOR('',#2960,1.);
#2960 = DIRECTION('',(1.,0.,0.));
#2961 = ORIENTED_EDGE('',*,*,#2962,.F.);
#2962 = EDGE_CURVE('',#866,#2955,#2963,.T.);
#2963 = LINE('',#2964,#2965);
#2964 = CARTESIAN_POINT('',(180.826721,-182.339676,4.));
#2965 = VECTOR('',#2966,1.);
#2966 = DIRECTION('',(0.,0.,1.));
#2967 = PLANE('',#2968);
#2968 = AXIS2_PLACEMENT_3D('',#2969,#2970,#2971);
#2969 = CARTESIAN_POINT('',(177.354507,-182.339676,4.));
#2970 = DIRECTION('',(0.,1.,0.));
#2971 = DIRECTION('',(1.,0.,0.));
#2972 = ADVANCED_FACE('',(#2973),#2991,.T.);
#2973 = FACE_BOUND('',#2974,.T.);
#2974 = EDGE_LOOP('',(#2975,#2976,#2984,#2990));
#2975 = ORIENTED_EDGE('',*,*,#889,.T.);
#2976 = ORIENTED_EDGE('',*,*,#2977,.T.);
#2977 = EDGE_CURVE('',#882,#2978,#2980,.T.);
#2978 = VERTEX_POINT('',#2979);
#2979 = CARTESIAN_POINT('',(182.826721,-177.234344,6.));
#2980 = LINE('',#2981,#2982);
#2981 = CARTESIAN_POINT('',(182.826721,-177.234344,4.));
#2982 = VECTOR('',#2983,1.);
#2983 = DIRECTION('',(0.,0.,1.));
#2984 = ORIENTED_EDGE('',*,*,#2985,.T.);
#2985 = EDGE_CURVE('',#2978,#2930,#2986,.T.);
#2986 = LINE('',#2987,#2988);
#2987 = CARTESIAN_POINT('',(182.826721,-177.234344,6.));
#2988 = VECTOR('',#2989,1.);
#2989 = DIRECTION('',(0.,-1.,0.));
#2990 = ORIENTED_EDGE('',*,*,#2929,.F.);
#2991 = PLANE('',#2992);
#2992 = AXIS2_PLACEMENT_3D('',#2993,#2994,#2995);
#2993 = CARTESIAN_POINT('',(182.826721,-177.234344,4.));
#2994 = DIRECTION('',(1.,0.,0.));
#2995 = DIRECTION('',(0.,-1.,0.));
#2996 = ADVANCED_FACE('',(#2997),#3015,.T.);
#2997 = FACE_BOUND('',#2998,.T.);
#2998 = EDGE_LOOP('',(#2999,#3000,#3001,#3009));
#2999 = ORIENTED_EDGE('',*,*,#873,.T.);
#3000 = ORIENTED_EDGE('',*,*,#2962,.T.);
#3001 = ORIENTED_EDGE('',*,*,#3002,.T.);
#3002 = EDGE_CURVE('',#2955,#3003,#3005,.T.);
#3003 = VERTEX_POINT('',#3004);
#3004 = CARTESIAN_POINT('',(180.826721,-177.234344,6.));
#3005 = LINE('',#3006,#3007);
#3006 = CARTESIAN_POINT('',(180.826721,-182.339676,6.));
#3007 = VECTOR('',#3008,1.);
#3008 = DIRECTION('',(0.,1.,0.));
#3009 = ORIENTED_EDGE('',*,*,#3010,.F.);
#3010 = EDGE_CURVE('',#874,#3003,#3011,.T.);
#3011 = LINE('',#3012,#3013);
#3012 = CARTESIAN_POINT('',(180.826721,-177.234344,4.));
#3013 = VECTOR('',#3014,1.);
#3014 = DIRECTION('',(0.,0.,1.));
#3015 = PLANE('',#3016);
#3016 = AXIS2_PLACEMENT_3D('',#3017,#3018,#3019);
#3017 = CARTESIAN_POINT('',(180.826721,-182.339676,4.));
#3018 = DIRECTION('',(-1.,0.,0.));
#3019 = DIRECTION('',(0.,1.,0.));
#3020 = ADVANCED_FACE('',(#3021),#3032,.T.);
#3021 = FACE_BOUND('',#3022,.T.);
#3022 = EDGE_LOOP('',(#3023,#3024,#3025,#3031));
#3023 = ORIENTED_EDGE('',*,*,#881,.T.);
#3024 = ORIENTED_EDGE('',*,*,#3010,.T.);
#3025 = ORIENTED_EDGE('',*,*,#3026,.T.);
#3026 = EDGE_CURVE('',#3003,#2978,#3027,.T.);
#3027 = LINE('',#3028,#3029);
#3028 = CARTESIAN_POINT('',(180.826721,-177.234344,6.));
#3029 = VECTOR('',#3030,1.);
#3030 = DIRECTION('',(1.,0.,0.));
#3031 = ORIENTED_EDGE('',*,*,#2977,.F.);
#3032 = PLANE('',#3033);
#3033 = AXIS2_PLACEMENT_3D('',#3034,#3035,#3036);
#3034 = CARTESIAN_POINT('',(180.826721,-177.234344,4.));
#3035 = DIRECTION('',(0.,1.,0.));
#3036 = DIRECTION('',(1.,0.,0.));
#3037 = ADVANCED_FACE('',(#3038),#3063,.T.);
#3038 = FACE_BOUND('',#3039,.T.);
#3039 = EDGE_LOOP('',(#3040,#3041,#3049,#3057));
#3040 = ORIENTED_EDGE('',*,*,#929,.T.);
#3041 = ORIENTED_EDGE('',*,*,#3042,.T.);
#3042 = EDGE_CURVE('',#932,#3043,#3045,.T.);
#3043 = VERTEX_POINT('',#3044);
#3044 = CARTESIAN_POINT('',(184.19336,-177.239883,6.));
#3045 = LINE('',#3046,#3047);
#3046 = CARTESIAN_POINT('',(184.19336,-177.239883,4.));
#3047 = VECTOR('',#3048,1.);
#3048 = DIRECTION('',(0.,0.,1.));
#3049 = ORIENTED_EDGE('',*,*,#3050,.T.);
#3050 = EDGE_CURVE('',#3043,#3051,#3053,.T.);
#3051 = VERTEX_POINT('',#3052);
#3052 = CARTESIAN_POINT('',(192.252731,-177.239883,6.));
#3053 = LINE('',#3054,#3055);
#3054 = CARTESIAN_POINT('',(184.19336,-177.239883,6.));
#3055 = VECTOR('',#3056,1.);
#3056 = DIRECTION('',(1.,0.,0.));
#3057 = ORIENTED_EDGE('',*,*,#3058,.F.);
#3058 = EDGE_CURVE('',#930,#3051,#3059,.T.);
#3059 = LINE('',#3060,#3061);
#3060 = CARTESIAN_POINT('',(192.252731,-177.239883,4.));
#3061 = VECTOR('',#3062,1.);
#3062 = DIRECTION('',(0.,0.,1.));
#3063 = PLANE('',#3064);
#3064 = AXIS2_PLACEMENT_3D('',#3065,#3066,#3067);
#3065 = CARTESIAN_POINT('',(184.19336,-177.239883,4.));
#3066 = DIRECTION('',(0.,1.,0.));
#3067 = DIRECTION('',(1.,0.,0.));
#3068 = ADVANCED_FACE('',(#3069),#3087,.T.);
#3069 = FACE_BOUND('',#3070,.T.);
#3070 = EDGE_LOOP('',(#3071,#3072,#3073,#3081));
#3071 = ORIENTED_EDGE('',*,*,#939,.T.);
#3072 = ORIENTED_EDGE('',*,*,#3058,.T.);
#3073 = ORIENTED_EDGE('',*,*,#3074,.T.);
#3074 = EDGE_CURVE('',#3051,#3075,#3077,.T.);
#3075 = VERTEX_POINT('',#3076);
#3076 = CARTESIAN_POINT('',(192.252731,-179.239883,6.));
#3077 = LINE('',#3078,#3079);
#3078 = CARTESIAN_POINT('',(192.252731,-177.239883,6.));
#3079 = VECTOR('',#3080,1.);
#3080 = DIRECTION('',(0.,-1.,0.));
#3081 = ORIENTED_EDGE('',*,*,#3082,.F.);
#3082 = EDGE_CURVE('',#940,#3075,#3083,.T.);
#3083 = LINE('',#3084,#3085);
#3084 = CARTESIAN_POINT('',(192.252731,-179.239883,4.));
#3085 = VECTOR('',#3086,1.);
#3086 = DIRECTION('',(0.,0.,1.));
#3087 = PLANE('',#3088);
#3088 = AXIS2_PLACEMENT_3D('',#3089,#3090,#3091);
#3089 = CARTESIAN_POINT('',(192.252731,-177.239883,4.));
#3090 = DIRECTION('',(1.,0.,0.));
#3091 = DIRECTION('',(0.,-1.,0.));
#3092 = ADVANCED_FACE('',(#3093),#3111,.F.);
#3093 = FACE_BOUND('',#3094,.F.);
#3094 = EDGE_LOOP('',(#3095,#3096,#3097,#3105));
#3095 = ORIENTED_EDGE('',*,*,#1019,.T.);
#3096 = ORIENTED_EDGE('',*,*,#3042,.T.);
#3097 = ORIENTED_EDGE('',*,*,#3098,.T.);
#3098 = EDGE_CURVE('',#3043,#3099,#3101,.T.);
#3099 = VERTEX_POINT('',#3100);
#3100 = CARTESIAN_POINT('',(184.19336,-179.239883,6.));
#3101 = LINE('',#3102,#3103);
#3102 = CARTESIAN_POINT('',(184.19336,-177.239883,6.));
#3103 = VECTOR('',#3104,1.);
#3104 = DIRECTION('',(0.,-1.,0.));
#3105 = ORIENTED_EDGE('',*,*,#3106,.F.);
#3106 = EDGE_CURVE('',#1012,#3099,#3107,.T.);
#3107 = LINE('',#3108,#3109);
#3108 = CARTESIAN_POINT('',(184.19336,-179.239883,4.));
#3109 = VECTOR('',#3110,1.);
#3110 = DIRECTION('',(0.,0.,1.));
#3111 = PLANE('',#3112);
#3112 = AXIS2_PLACEMENT_3D('',#3113,#3114,#3115);
#3113 = CARTESIAN_POINT('',(184.19336,-177.239883,4.));
#3114 = DIRECTION('',(1.,0.,0.));
#3115 = DIRECTION('',(0.,-1.,0.));
#3116 = ADVANCED_FACE('',(#3117),#3135,.T.);
#3117 = FACE_BOUND('',#3118,.T.);
#3118 = EDGE_LOOP('',(#3119,#3120,#3121,#3129));
#3119 = ORIENTED_EDGE('',*,*,#947,.T.);
#3120 = ORIENTED_EDGE('',*,*,#3082,.T.);
#3121 = ORIENTED_EDGE('',*,*,#3122,.T.);
#3122 = EDGE_CURVE('',#3075,#3123,#3125,.T.);
#3123 = VERTEX_POINT('',#3124);
#3124 = CARTESIAN_POINT('',(189.291611,-179.239883,6.));
#3125 = LINE('',#3126,#3127);
#3126 = CARTESIAN_POINT('',(192.252731,-179.239883,6.));
#3127 = VECTOR('',#3128,1.);
#3128 = DIRECTION('',(-1.,0.,0.));
#3129 = ORIENTED_EDGE('',*,*,#3130,.F.);
#3130 = EDGE_CURVE('',#948,#3123,#3131,.T.);
#3131 = LINE('',#3132,#3133);
#3132 = CARTESIAN_POINT('',(189.291611,-179.239883,4.));
#3133 = VECTOR('',#3134,1.);
#3134 = DIRECTION('',(0.,0.,1.));
#3135 = PLANE('',#3136);
#3136 = AXIS2_PLACEMENT_3D('',#3137,#3138,#3139);
#3137 = CARTESIAN_POINT('',(192.252731,-179.239883,4.));
#3138 = DIRECTION('',(0.,-1.,0.));
#3139 = DIRECTION('',(-1.,0.,0.));
#3140 = ADVANCED_FACE('',(#3141),#3159,.F.);
#3141 = FACE_BOUND('',#3142,.F.);
#3142 = EDGE_LOOP('',(#3143,#3144,#3145,#3153));
#3143 = ORIENTED_EDGE('',*,*,#1011,.T.);
#3144 = ORIENTED_EDGE('',*,*,#3106,.T.);
#3145 = ORIENTED_EDGE('',*,*,#3146,.T.);
#3146 = EDGE_CURVE('',#3099,#3147,#3149,.T.);
#3147 = VERTEX_POINT('',#3148);
#3148 = CARTESIAN_POINT('',(187.514954,-179.239883,6.));
#3149 = LINE('',#3150,#3151);
#3150 = CARTESIAN_POINT('',(184.19336,-179.239883,6.));
#3151 = VECTOR('',#3152,1.);
#3152 = DIRECTION('',(1.,0.,0.));
#3153 = ORIENTED_EDGE('',*,*,#3154,.F.);
#3154 = EDGE_CURVE('',#1004,#3147,#3155,.T.);
#3155 = LINE('',#3156,#3157);
#3156 = CARTESIAN_POINT('',(187.514954,-179.239883,4.));
#3157 = VECTOR('',#3158,1.);
#3158 = DIRECTION('',(0.,0.,1.));
#3159 = PLANE('',#3160);
#3160 = AXIS2_PLACEMENT_3D('',#3161,#3162,#3163);
#3161 = CARTESIAN_POINT('',(184.19336,-179.239883,4.));
#3162 = DIRECTION('',(0.,1.,0.));
#3163 = DIRECTION('',(1.,0.,0.));
#3164 = ADVANCED_FACE('',(#3165),#3183,.T.);
#3165 = FACE_BOUND('',#3166,.T.);
#3166 = EDGE_LOOP('',(#3167,#3168,#3169,#3177));
#3167 = ORIENTED_EDGE('',*,*,#955,.T.);
#3168 = ORIENTED_EDGE('',*,*,#3130,.T.);
#3169 = ORIENTED_EDGE('',*,*,#3170,.T.);
#3170 = EDGE_CURVE('',#3123,#3171,#3173,.T.);
#3171 = VERTEX_POINT('',#3172);
#3172 = CARTESIAN_POINT('',(189.291611,-187.848373,6.));
#3173 = LINE('',#3174,#3175);
#3174 = CARTESIAN_POINT('',(189.291611,-179.239883,6.));
#3175 = VECTOR('',#3176,1.);
#3176 = DIRECTION('',(0.,-1.,0.));
#3177 = ORIENTED_EDGE('',*,*,#3178,.F.);
#3178 = EDGE_CURVE('',#956,#3171,#3179,.T.);
#3179 = LINE('',#3180,#3181);
#3180 = CARTESIAN_POINT('',(189.291611,-187.848373,4.));
#3181 = VECTOR('',#3182,1.);
#3182 = DIRECTION('',(0.,0.,1.));
#3183 = PLANE('',#3184);
#3184 = AXIS2_PLACEMENT_3D('',#3185,#3186,#3187);
#3185 = CARTESIAN_POINT('',(189.291611,-179.239883,4.));
#3186 = DIRECTION('',(1.,0.,0.));
#3187 = DIRECTION('',(0.,-1.,0.));
#3188 = ADVANCED_FACE('',(#3189),#3207,.F.);
#3189 = FACE_BOUND('',#3190,.F.);
#3190 = EDGE_LOOP('',(#3191,#3192,#3193,#3201));
#3191 = ORIENTED_EDGE('',*,*,#1003,.T.);
#3192 = ORIENTED_EDGE('',*,*,#3154,.T.);
#3193 = ORIENTED_EDGE('',*,*,#3194,.T.);
#3194 = EDGE_CURVE('',#3147,#3195,#3197,.T.);
#3195 = VERTEX_POINT('',#3196);
#3196 = CARTESIAN_POINT('',(187.514954,-187.848373,6.));
#3197 = LINE('',#3198,#3199);
#3198 = CARTESIAN_POINT('',(187.514954,-179.239883,6.));
#3199 = VECTOR('',#3200,1.);
#3200 = DIRECTION('',(0.,-1.,0.));
#3201 = ORIENTED_EDGE('',*,*,#3202,.F.);
#3202 = EDGE_CURVE('',#996,#3195,#3203,.T.);
#3203 = LINE('',#3204,#3205);
#3204 = CARTESIAN_POINT('',(187.514954,-187.848373,4.));
#3205 = VECTOR('',#3206,1.);
#3206 = DIRECTION('',(0.,0.,1.));
#3207 = PLANE('',#3208);
#3208 = AXIS2_PLACEMENT_3D('',#3209,#3210,#3211);
#3209 = CARTESIAN_POINT('',(187.514954,-179.239883,4.));
#3210 = DIRECTION('',(1.,0.,0.));
#3211 = DIRECTION('',(0.,-1.,0.));
#3212 = ADVANCED_FACE('',(#3213),#3231,.F.);
#3213 = FACE_BOUND('',#3214,.F.);
#3214 = EDGE_LOOP('',(#3215,#3216,#3224,#3230));
#3215 = ORIENTED_EDGE('',*,*,#963,.T.);
#3216 = ORIENTED_EDGE('',*,*,#3217,.T.);
#3217 = EDGE_CURVE('',#964,#3218,#3220,.T.);
#3218 = VERTEX_POINT('',#3219);
#3219 = CARTESIAN_POINT('',(192.329971,-187.848373,6.));
#3220 = LINE('',#3221,#3222);
#3221 = CARTESIAN_POINT('',(192.329971,-187.848373,4.));
#3222 = VECTOR('',#3223,1.);
#3223 = DIRECTION('',(0.,0.,1.));
#3224 = ORIENTED_EDGE('',*,*,#3225,.T.);
#3225 = EDGE_CURVE('',#3218,#3171,#3226,.T.);
#3226 = LINE('',#3227,#3228);
#3227 = CARTESIAN_POINT('',(192.329971,-187.848373,6.));
#3228 = VECTOR('',#3229,1.);
#3229 = DIRECTION('',(-1.,0.,0.));
#3230 = ORIENTED_EDGE('',*,*,#3178,.F.);
#3231 = PLANE('',#3232);
#3232 = AXIS2_PLACEMENT_3D('',#3233,#3234,#3235);
#3233 = CARTESIAN_POINT('',(192.329971,-187.848373,4.));
#3234 = DIRECTION('',(0.,-1.,0.));
#3235 = DIRECTION('',(-1.,0.,0.));
#3236 = ADVANCED_FACE('',(#3237),#3255,.F.);
#3237 = FACE_BOUND('',#3238,.F.);
#3238 = EDGE_LOOP('',(#3239,#3240,#3241,#3249));
#3239 = ORIENTED_EDGE('',*,*,#995,.T.);
#3240 = ORIENTED_EDGE('',*,*,#3202,.T.);
#3241 = ORIENTED_EDGE('',*,*,#3242,.T.);
#3242 = EDGE_CURVE('',#3195,#3243,#3245,.T.);
#3243 = VERTEX_POINT('',#3244);
#3244 = CARTESIAN_POINT('',(184.244858,-187.848373,6.));
#3245 = LINE('',#3246,#3247);
#3246 = CARTESIAN_POINT('',(187.514954,-187.848373,6.));
#3247 = VECTOR('',#3248,1.);
#3248 = DIRECTION('',(-1.,0.,0.));
#3249 = ORIENTED_EDGE('',*,*,#3250,.F.);
#3250 = EDGE_CURVE('',#988,#3243,#3251,.T.);
#3251 = LINE('',#3252,#3253);
#3252 = CARTESIAN_POINT('',(184.244858,-187.848373,4.));
#3253 = VECTOR('',#3254,1.);
#3254 = DIRECTION('',(0.,0.,1.));
#3255 = PLANE('',#3256);
#3256 = AXIS2_PLACEMENT_3D('',#3257,#3258,#3259);
#3257 = CARTESIAN_POINT('',(187.514954,-187.848373,4.));
#3258 = DIRECTION('',(0.,-1.,0.));
#3259 = DIRECTION('',(-1.,0.,0.));
#3260 = ADVANCED_FACE('',(#3261),#3279,.F.);
#3261 = FACE_BOUND('',#3262,.F.);
#3262 = EDGE_LOOP('',(#3263,#3264,#3272,#3278));
#3263 = ORIENTED_EDGE('',*,*,#971,.T.);
#3264 = ORIENTED_EDGE('',*,*,#3265,.T.);
#3265 = EDGE_CURVE('',#972,#3266,#3268,.T.);
#3266 = VERTEX_POINT('',#3267);
#3267 = CARTESIAN_POINT('',(192.329971,-189.848373,6.));
#3268 = LINE('',#3269,#3270);
#3269 = CARTESIAN_POINT('',(192.329971,-189.848373,4.));
#3270 = VECTOR('',#3271,1.);
#3271 = DIRECTION('',(0.,0.,1.));
#3272 = ORIENTED_EDGE('',*,*,#3273,.T.);
#3273 = EDGE_CURVE('',#3266,#3218,#3274,.T.);
#3274 = LINE('',#3275,#3276);
#3275 = CARTESIAN_POINT('',(192.329971,-189.848373,6.));
#3276 = VECTOR('',#3277,1.);
#3277 = DIRECTION('',(0.,1.,0.));
#3278 = ORIENTED_EDGE('',*,*,#3217,.F.);
#3279 = PLANE('',#3280);
#3280 = AXIS2_PLACEMENT_3D('',#3281,#3282,#3283);
#3281 = CARTESIAN_POINT('',(192.329971,-189.848373,4.));
#3282 = DIRECTION('',(-1.,0.,0.));
#3283 = DIRECTION('',(0.,1.,0.));
#3284 = ADVANCED_FACE('',(#3285),#3303,.F.);
#3285 = FACE_BOUND('',#3286,.F.);
#3286 = EDGE_LOOP('',(#3287,#3288,#3289,#3297));
#3287 = ORIENTED_EDGE('',*,*,#987,.T.);
#3288 = ORIENTED_EDGE('',*,*,#3250,.T.);
#3289 = ORIENTED_EDGE('',*,*,#3290,.T.);
#3290 = EDGE_CURVE('',#3243,#3291,#3293,.T.);
#3291 = VERTEX_POINT('',#3292);
#3292 = CARTESIAN_POINT('',(184.244858,-189.848373,6.));
#3293 = LINE('',#3294,#3295);
#3294 = CARTESIAN_POINT('',(184.244858,-187.848373,6.));
#3295 = VECTOR('',#3296,1.);
#3296 = DIRECTION('',(0.,-1.,0.));
#3297 = ORIENTED_EDGE('',*,*,#3298,.F.);
#3298 = EDGE_CURVE('',#980,#3291,#3299,.T.);
#3299 = LINE('',#3300,#3301);
#3300 = CARTESIAN_POINT('',(184.244858,-189.848373,4.));
#3301 = VECTOR('',#3302,1.);
#3302 = DIRECTION('',(0.,0.,1.));
#3303 = PLANE('',#3304);
#3304 = AXIS2_PLACEMENT_3D('',#3305,#3306,#3307);
#3305 = CARTESIAN_POINT('',(184.244858,-187.848373,4.));
#3306 = DIRECTION('',(1.,0.,0.));
#3307 = DIRECTION('',(0.,-1.,0.));
#3308 = ADVANCED_FACE('',(#3309),#3320,.F.);
#3309 = FACE_BOUND('',#3310,.F.);
#3310 = EDGE_LOOP('',(#3311,#3312,#3313,#3319));
#3311 = ORIENTED_EDGE('',*,*,#979,.T.);
#3312 = ORIENTED_EDGE('',*,*,#3298,.T.);
#3313 = ORIENTED_EDGE('',*,*,#3314,.T.);
#3314 = EDGE_CURVE('',#3291,#3266,#3315,.T.);
#3315 = LINE('',#3316,#3317);
#3316 = CARTESIAN_POINT('',(184.244858,-189.848373,6.));
#3317 = VECTOR('',#3318,1.);
#3318 = DIRECTION('',(1.,0.,0.));
#3319 = ORIENTED_EDGE('',*,*,#3265,.F.);
#3320 = PLANE('',#3321);
#3321 = AXIS2_PLACEMENT_3D('',#3322,#3323,#3324);
#3322 = CARTESIAN_POINT('',(184.244858,-189.848373,4.));
#3323 = DIRECTION('',(0.,1.,0.));
#3324 = DIRECTION('',(1.,0.,0.));
#3325 = ADVANCED_FACE('',(#3326),#3351,.T.);
#3326 = FACE_BOUND('',#3327,.T.);
#3327 = EDGE_LOOP('',(#3328,#3329,#3337,#3345));
#3328 = ORIENTED_EDGE('',*,*,#1027,.T.);
#3329 = ORIENTED_EDGE('',*,*,#3330,.T.);
#3330 = EDGE_CURVE('',#1030,#3331,#3333,.T.);
#3331 = VERTEX_POINT('',#3332);
#3332 = CARTESIAN_POINT('',(211.899246,-177.172974,6.));
#3333 = LINE('',#3334,#3335);
#3334 = CARTESIAN_POINT('',(211.899246,-177.172974,4.));
#3335 = VECTOR('',#3336,1.);
#3336 = DIRECTION('',(0.,0.,1.));
#3337 = ORIENTED_EDGE('',*,*,#3338,.T.);
#3338 = EDGE_CURVE('',#3331,#3339,#3341,.T.);
#3339 = VERTEX_POINT('',#3340);
#3340 = CARTESIAN_POINT('',(220.121597,-177.172974,6.));
#3341 = LINE('',#3342,#3343);
#3342 = CARTESIAN_POINT('',(211.899246,-177.172974,6.));
#3343 = VECTOR('',#3344,1.);
#3344 = DIRECTION('',(1.,0.,0.));
#3345 = ORIENTED_EDGE('',*,*,#3346,.F.);
#3346 = EDGE_CURVE('',#1028,#3339,#3347,.T.);
#3347 = LINE('',#3348,#3349);
#3348 = CARTESIAN_POINT('',(220.121597,-177.172974,4.));
#3349 = VECTOR('',#3350,1.);
#3350 = DIRECTION('',(0.,0.,1.));
#3351 = PLANE('',#3352);
#3352 = AXIS2_PLACEMENT_3D('',#3353,#3354,#3355);
#3353 = CARTESIAN_POINT('',(211.899246,-177.172974,4.));
#3354 = DIRECTION('',(0.,1.,0.));
#3355 = DIRECTION('',(1.,0.,0.));
#3356 = ADVANCED_FACE('',(#3357),#3375,.F.);
#3357 = FACE_BOUND('',#3358,.F.);
#3358 = EDGE_LOOP('',(#3359,#3360,#3361,#3369));
#3359 = ORIENTED_EDGE('',*,*,#1117,.T.);
#3360 = ORIENTED_EDGE('',*,*,#3330,.T.);
#3361 = ORIENTED_EDGE('',*,*,#3362,.T.);
#3362 = EDGE_CURVE('',#3331,#3363,#3365,.T.);
#3363 = VERTEX_POINT('',#3364);
#3364 = CARTESIAN_POINT('',(211.899246,-179.172974,6.));
#3365 = LINE('',#3366,#3367);
#3366 = CARTESIAN_POINT('',(211.899246,-177.172974,6.));
#3367 = VECTOR('',#3368,1.);
#3368 = DIRECTION('',(0.,-1.,0.));
#3369 = ORIENTED_EDGE('',*,*,#3370,.F.);
#3370 = EDGE_CURVE('',#1110,#3363,#3371,.T.);
#3371 = LINE('',#3372,#3373);
#3372 = CARTESIAN_POINT('',(211.899246,-179.172974,4.));
#3373 = VECTOR('',#3374,1.);
#3374 = DIRECTION('',(0.,0.,1.));
#3375 = PLANE('',#3376);
#3376 = AXIS2_PLACEMENT_3D('',#3377,#3378,#3379);
#3377 = CARTESIAN_POINT('',(211.899246,-177.172974,4.));
#3378 = DIRECTION('',(1.,0.,0.));
#3379 = DIRECTION('',(0.,-1.,0.));
#3380 = ADVANCED_FACE('',(#3381),#3399,.F.);
#3381 = FACE_BOUND('',#3382,.F.);
#3382 = EDGE_LOOP('',(#3383,#3384,#3385,#3393));
#3383 = ORIENTED_EDGE('',*,*,#1109,.T.);
#3384 = ORIENTED_EDGE('',*,*,#3370,.T.);
#3385 = ORIENTED_EDGE('',*,*,#3386,.T.);
#3386 = EDGE_CURVE('',#3363,#3387,#3389,.T.);
#3387 = VERTEX_POINT('',#3388);
#3388 = CARTESIAN_POINT('',(214.990601,-179.172974,6.));
#3389 = LINE('',#3390,#3391);
#3390 = CARTESIAN_POINT('',(211.899246,-179.172974,6.));
#3391 = VECTOR('',#3392,1.);
#3392 = DIRECTION('',(1.,0.,0.));
#3393 = ORIENTED_EDGE('',*,*,#3394,.F.);
#3394 = EDGE_CURVE('',#1102,#3387,#3395,.T.);
#3395 = LINE('',#3396,#3397);
#3396 = CARTESIAN_POINT('',(214.990601,-179.172974,4.));
#3397 = VECTOR('',#3398,1.);
#3398 = DIRECTION('',(0.,0.,1.));
#3399 = PLANE('',#3400);
#3400 = AXIS2_PLACEMENT_3D('',#3401,#3402,#3403);
#3401 = CARTESIAN_POINT('',(211.899246,-179.172974,4.));
#3402 = DIRECTION('',(0.,1.,0.));
#3403 = DIRECTION('',(1.,0.,0.));
#3404 = ADVANCED_FACE('',(#3405),#3423,.F.);
#3405 = FACE_BOUND('',#3406,.F.);
#3406 = EDGE_LOOP('',(#3407,#3408,#3409,#3417));
#3407 = ORIENTED_EDGE('',*,*,#1101,.T.);
#3408 = ORIENTED_EDGE('',*,*,#3394,.T.);
#3409 = ORIENTED_EDGE('',*,*,#3410,.T.);
#3410 = EDGE_CURVE('',#3387,#3411,#3413,.T.);
#3411 = VERTEX_POINT('',#3412);
#3412 = CARTESIAN_POINT('',(214.990601,-188.646011,6.));
#3413 = LINE('',#3414,#3415);
#3414 = CARTESIAN_POINT('',(214.990601,-179.172974,6.));
#3415 = VECTOR('',#3416,1.);
#3416 = DIRECTION('',(0.,-1.,0.));
#3417 = ORIENTED_EDGE('',*,*,#3418,.F.);
#3418 = EDGE_CURVE('',#1094,#3411,#3419,.T.);
#3419 = LINE('',#3420,#3421);
#3420 = CARTESIAN_POINT('',(214.990601,-188.646011,4.));
#3421 = VECTOR('',#3422,1.);
#3422 = DIRECTION('',(0.,0.,1.));
#3423 = PLANE('',#3424);
#3424 = AXIS2_PLACEMENT_3D('',#3425,#3426,#3427);
#3425 = CARTESIAN_POINT('',(214.990601,-179.172974,4.));
#3426 = DIRECTION('',(1.,0.,0.));
#3427 = DIRECTION('',(0.,-1.,0.));
#3428 = ADVANCED_FACE('',(#3429),#3447,.F.);
#3429 = FACE_BOUND('',#3430,.F.);
#3430 = EDGE_LOOP('',(#3431,#3432,#3433,#3441));
#3431 = ORIENTED_EDGE('',*,*,#1093,.T.);
#3432 = ORIENTED_EDGE('',*,*,#3418,.T.);
#3433 = ORIENTED_EDGE('',*,*,#3434,.T.);
#3434 = EDGE_CURVE('',#3411,#3435,#3437,.T.);
#3435 = VERTEX_POINT('',#3436);
#3436 = CARTESIAN_POINT('',(212.026733,-188.646011,6.));
#3437 = LINE('',#3438,#3439);
#3438 = CARTESIAN_POINT('',(214.990601,-188.646011,6.));
#3439 = VECTOR('',#3440,1.);
#3440 = DIRECTION('',(-1.,0.,0.));
#3441 = ORIENTED_EDGE('',*,*,#3442,.F.);
#3442 = EDGE_CURVE('',#1086,#3435,#3443,.T.);
#3443 = LINE('',#3444,#3445);
#3444 = CARTESIAN_POINT('',(212.026733,-188.646011,4.));
#3445 = VECTOR('',#3446,1.);
#3446 = DIRECTION('',(0.,0.,1.));
#3447 = PLANE('',#3448);
#3448 = AXIS2_PLACEMENT_3D('',#3449,#3450,#3451);
#3449 = CARTESIAN_POINT('',(214.990601,-188.646011,4.));
#3450 = DIRECTION('',(0.,-1.,0.));
#3451 = DIRECTION('',(-1.,0.,0.));
#3452 = ADVANCED_FACE('',(#3453),#3471,.F.);
#3453 = FACE_BOUND('',#3454,.F.);
#3454 = EDGE_LOOP('',(#3455,#3456,#3457,#3465));
#3455 = ORIENTED_EDGE('',*,*,#1085,.T.);
#3456 = ORIENTED_EDGE('',*,*,#3442,.T.);
#3457 = ORIENTED_EDGE('',*,*,#3458,.T.);
#3458 = EDGE_CURVE('',#3435,#3459,#3461,.T.);
#3459 = VERTEX_POINT('',#3460);
#3460 = CARTESIAN_POINT('',(212.026733,-190.016403,6.));
#3461 = LINE('',#3462,#3463);
#3462 = CARTESIAN_POINT('',(212.026733,-188.646011,6.));
#3463 = VECTOR('',#3464,1.);
#3464 = DIRECTION('',(0.,-1.,0.));
#3465 = ORIENTED_EDGE('',*,*,#3466,.F.);
#3466 = EDGE_CURVE('',#1078,#3459,#3467,.T.);
#3467 = LINE('',#3468,#3469);
#3468 = CARTESIAN_POINT('',(212.026733,-190.016403,4.));
#3469 = VECTOR('',#3470,1.);
#3470 = DIRECTION('',(0.,0.,1.));
#3471 = PLANE('',#3472);
#3472 = AXIS2_PLACEMENT_3D('',#3473,#3474,#3475);
#3473 = CARTESIAN_POINT('',(212.026733,-188.646011,4.));
#3474 = DIRECTION('',(1.,0.,0.));
#3475 = DIRECTION('',(0.,-1.,0.));
#3476 = ADVANCED_FACE('',(#3477),#3495,.T.);
#3477 = FACE_BOUND('',#3478,.T.);
#3478 = EDGE_LOOP('',(#3479,#3480,#3488,#3494));
#3479 = ORIENTED_EDGE('',*,*,#1077,.T.);
#3480 = ORIENTED_EDGE('',*,*,#3481,.T.);
#3481 = EDGE_CURVE('',#1070,#3482,#3484,.T.);
#3482 = VERTEX_POINT('',#3483);
#3483 = CARTESIAN_POINT('',(220.121597,-190.016403,6.));
#3484 = LINE('',#3485,#3486);
#3485 = CARTESIAN_POINT('',(220.121597,-190.016403,4.));
#3486 = VECTOR('',#3487,1.);
#3487 = DIRECTION('',(0.,0.,1.));
#3488 = ORIENTED_EDGE('',*,*,#3489,.T.);
#3489 = EDGE_CURVE('',#3482,#3459,#3490,.T.);
#3490 = LINE('',#3491,#3492);
#3491 = CARTESIAN_POINT('',(220.121597,-190.016403,6.));
#3492 = VECTOR('',#3493,1.);
#3493 = DIRECTION('',(-1.,0.,0.));
#3494 = ORIENTED_EDGE('',*,*,#3466,.F.);
#3495 = PLANE('',#3496);
#3496 = AXIS2_PLACEMENT_3D('',#3497,#3498,#3499);
#3497 = CARTESIAN_POINT('',(220.121597,-190.016403,4.));
#3498 = DIRECTION('',(0.,-1.,0.));
#3499 = DIRECTION('',(-1.,0.,0.));
#3500 = ADVANCED_FACE('',(#3501),#3519,.T.);
#3501 = FACE_BOUND('',#3502,.T.);
#3502 = EDGE_LOOP('',(#3503,#3504,#3512,#3518));
#3503 = ORIENTED_EDGE('',*,*,#1069,.T.);
#3504 = ORIENTED_EDGE('',*,*,#3505,.T.);
#3505 = EDGE_CURVE('',#1062,#3506,#3508,.T.);
#3506 = VERTEX_POINT('',#3507);
#3507 = CARTESIAN_POINT('',(220.121597,-188.677887,6.));
#3508 = LINE('',#3509,#3510);
#3509 = CARTESIAN_POINT('',(220.121597,-188.677887,4.));
#3510 = VECTOR('',#3511,1.);
#3511 = DIRECTION('',(0.,0.,1.));
#3512 = ORIENTED_EDGE('',*,*,#3513,.T.);
#3513 = EDGE_CURVE('',#3506,#3482,#3514,.T.);
#3514 = LINE('',#3515,#3516);
#3515 = CARTESIAN_POINT('',(220.121597,-188.677887,6.));
#3516 = VECTOR('',#3517,1.);
#3517 = DIRECTION('',(0.,-1.,0.));
#3518 = ORIENTED_EDGE('',*,*,#3481,.F.);
#3519 = PLANE('',#3520);
#3520 = AXIS2_PLACEMENT_3D('',#3521,#3522,#3523);
#3521 = CARTESIAN_POINT('',(220.121597,-188.677887,4.));
#3522 = DIRECTION('',(1.,0.,0.));
#3523 = DIRECTION('',(0.,-1.,0.));
#3524 = ADVANCED_FACE('',(#3525),#3543,.T.);
#3525 = FACE_BOUND('',#3526,.T.);
#3526 = EDGE_LOOP('',(#3527,#3528,#3536,#3542));
#3527 = ORIENTED_EDGE('',*,*,#1061,.T.);
#3528 = ORIENTED_EDGE('',*,*,#3529,.T.);
#3529 = EDGE_CURVE('',#1054,#3530,#3532,.T.);
#3530 = VERTEX_POINT('',#3531);
#3531 = CARTESIAN_POINT('',(216.839035,-188.677887,6.));
#3532 = LINE('',#3533,#3534);
#3533 = CARTESIAN_POINT('',(216.839035,-188.677887,4.));
#3534 = VECTOR('',#3535,1.);
#3535 = DIRECTION('',(0.,0.,1.));
#3536 = ORIENTED_EDGE('',*,*,#3537,.T.);
#3537 = EDGE_CURVE('',#3530,#3506,#3538,.T.);
#3538 = LINE('',#3539,#3540);
#3539 = CARTESIAN_POINT('',(216.839035,-188.677887,6.));
#3540 = VECTOR('',#3541,1.);
#3541 = DIRECTION('',(1.,0.,0.));
#3542 = ORIENTED_EDGE('',*,*,#3505,.F.);
#3543 = PLANE('',#3544);
#3544 = AXIS2_PLACEMENT_3D('',#3545,#3546,#3547);
#3545 = CARTESIAN_POINT('',(216.839035,-188.677887,4.));
#3546 = DIRECTION('',(0.,1.,0.));
#3547 = DIRECTION('',(1.,0.,0.));
#3548 = ADVANCED_FACE('',(#3549),#3567,.T.);
#3549 = FACE_BOUND('',#3550,.T.);
#3550 = EDGE_LOOP('',(#3551,#3552,#3560,#3566));
#3551 = ORIENTED_EDGE('',*,*,#1053,.T.);
#3552 = ORIENTED_EDGE('',*,*,#3553,.T.);
#3553 = EDGE_CURVE('',#1046,#3554,#3556,.T.);
#3554 = VERTEX_POINT('',#3555);
#3555 = CARTESIAN_POINT('',(216.839035,-179.172974,6.));
#3556 = LINE('',#3557,#3558);
#3557 = CARTESIAN_POINT('',(216.839035,-179.172974,4.));
#3558 = VECTOR('',#3559,1.);
#3559 = DIRECTION('',(0.,0.,1.));
#3560 = ORIENTED_EDGE('',*,*,#3561,.T.);
#3561 = EDGE_CURVE('',#3554,#3530,#3562,.T.);
#3562 = LINE('',#3563,#3564);
#3563 = CARTESIAN_POINT('',(216.839035,-179.172974,6.));
#3564 = VECTOR('',#3565,1.);
#3565 = DIRECTION('',(0.,-1.,0.));
#3566 = ORIENTED_EDGE('',*,*,#3529,.F.);
#3567 = PLANE('',#3568);
#3568 = AXIS2_PLACEMENT_3D('',#3569,#3570,#3571);
#3569 = CARTESIAN_POINT('',(216.839035,-179.172974,4.));
#3570 = DIRECTION('',(1.,0.,0.));
#3571 = DIRECTION('',(0.,-1.,0.));
#3572 = ADVANCED_FACE('',(#3573),#3591,.T.);
#3573 = FACE_BOUND('',#3574,.T.);
#3574 = EDGE_LOOP('',(#3575,#3576,#3584,#3590));
#3575 = ORIENTED_EDGE('',*,*,#1045,.T.);
#3576 = ORIENTED_EDGE('',*,*,#3577,.T.);
#3577 = EDGE_CURVE('',#1038,#3578,#3580,.T.);
#3578 = VERTEX_POINT('',#3579);
#3579 = CARTESIAN_POINT('',(220.121597,-179.172974,6.));
#3580 = LINE('',#3581,#3582);
#3581 = CARTESIAN_POINT('',(220.121597,-179.172974,4.));
#3582 = VECTOR('',#3583,1.);
#3583 = DIRECTION('',(0.,0.,1.));
#3584 = ORIENTED_EDGE('',*,*,#3585,.T.);
#3585 = EDGE_CURVE('',#3578,#3554,#3586,.T.);
#3586 = LINE('',#3587,#3588);
#3587 = CARTESIAN_POINT('',(220.121597,-179.172974,6.));
#3588 = VECTOR('',#3589,1.);
#3589 = DIRECTION('',(-1.,0.,0.));
#3590 = ORIENTED_EDGE('',*,*,#3553,.F.);
#3591 = PLANE('',#3592);
#3592 = AXIS2_PLACEMENT_3D('',#3593,#3594,#3595);
#3593 = CARTESIAN_POINT('',(220.121597,-179.172974,4.));
#3594 = DIRECTION('',(0.,-1.,0.));
#3595 = DIRECTION('',(-1.,0.,0.));
#3596 = ADVANCED_FACE('',(#3597),#3608,.T.);
#3597 = FACE_BOUND('',#3598,.T.);
#3598 = EDGE_LOOP('',(#3599,#3600,#3601,#3607));
#3599 = ORIENTED_EDGE('',*,*,#1037,.T.);
#3600 = ORIENTED_EDGE('',*,*,#3346,.T.);
#3601 = ORIENTED_EDGE('',*,*,#3602,.T.);
#3602 = EDGE_CURVE('',#3339,#3578,#3603,.T.);
#3603 = LINE('',#3604,#3605);
#3604 = CARTESIAN_POINT('',(220.121597,-177.172974,6.));
#3605 = VECTOR('',#3606,1.);
#3606 = DIRECTION('',(0.,-1.,0.));
#3607 = ORIENTED_EDGE('',*,*,#3577,.F.);
#3608 = PLANE('',#3609);
#3609 = AXIS2_PLACEMENT_3D('',#3610,#3611,#3612);
#3610 = CARTESIAN_POINT('',(220.121597,-177.172974,4.));
#3611 = DIRECTION('',(1.,0.,0.));
#3612 = DIRECTION('',(0.,-1.,0.));
#3613 = ADVANCED_FACE('',(#3614),#3639,.T.);
#3614 = FACE_BOUND('',#3615,.T.);
#3615 = EDGE_LOOP('',(#3616,#3617,#3625,#3633));
#3616 = ORIENTED_EDGE('',*,*,#1125,.T.);
#3617 = ORIENTED_EDGE('',*,*,#3618,.T.);
#3618 = EDGE_CURVE('',#1128,#3619,#3621,.T.);
#3619 = VERTEX_POINT('',#3620);
#3620 = CARTESIAN_POINT('',(221.726807,-189.777426,6.));
#3621 = LINE('',#3622,#3623);
#3622 = CARTESIAN_POINT('',(221.726807,-189.777426,4.));
#3623 = VECTOR('',#3624,1.);
#3624 = DIRECTION('',(0.,0.,1.));
#3625 = ORIENTED_EDGE('',*,*,#3626,.T.);
#3626 = EDGE_CURVE('',#3619,#3627,#3629,.T.);
#3627 = VERTEX_POINT('',#3628);
#3628 = CARTESIAN_POINT('',(221.726807,-177.212402,6.));
#3629 = LINE('',#3630,#3631);
#3630 = CARTESIAN_POINT('',(221.726807,-189.777426,6.));
#3631 = VECTOR('',#3632,1.);
#3632 = DIRECTION('',(0.,1.,0.));
#3633 = ORIENTED_EDGE('',*,*,#3634,.F.);
#3634 = EDGE_CURVE('',#1126,#3627,#3635,.T.);
#3635 = LINE('',#3636,#3637);
#3636 = CARTESIAN_POINT('',(221.726807,-177.212402,4.));
#3637 = VECTOR('',#3638,1.);
#3638 = DIRECTION('',(0.,0.,1.));
#3639 = PLANE('',#3640);
#3640 = AXIS2_PLACEMENT_3D('',#3641,#3642,#3643);
#3641 = CARTESIAN_POINT('',(221.726807,-189.777426,4.));
#3642 = DIRECTION('',(-1.,0.,0.));
#3643 = DIRECTION('',(0.,1.,0.));
#3644 = ADVANCED_FACE('',(#3645),#3663,.T.);
#3645 = FACE_BOUND('',#3646,.T.);
#3646 = EDGE_LOOP('',(#3647,#3648,#3656,#3662));
#3647 = ORIENTED_EDGE('',*,*,#1199,.T.);
#3648 = ORIENTED_EDGE('',*,*,#3649,.T.);
#3649 = EDGE_CURVE('',#1192,#3650,#3652,.T.);
#3650 = VERTEX_POINT('',#3651);
#3651 = CARTESIAN_POINT('',(223.712006,-189.777426,6.));
#3652 = LINE('',#3653,#3654);
#3653 = CARTESIAN_POINT('',(223.712006,-189.777426,4.));
#3654 = VECTOR('',#3655,1.);
#3655 = DIRECTION('',(0.,0.,1.));
#3656 = ORIENTED_EDGE('',*,*,#3657,.T.);
#3657 = EDGE_CURVE('',#3650,#3619,#3658,.T.);
#3658 = LINE('',#3659,#3660);
#3659 = CARTESIAN_POINT('',(223.712006,-189.777426,6.));
#3660 = VECTOR('',#3661,1.);
#3661 = DIRECTION('',(-1.,0.,0.));
#3662 = ORIENTED_EDGE('',*,*,#3618,.F.);
#3663 = PLANE('',#3664);
#3664 = AXIS2_PLACEMENT_3D('',#3665,#3666,#3667);
#3665 = CARTESIAN_POINT('',(223.712006,-189.777426,4.));
#3666 = DIRECTION('',(0.,-1.,0.));
#3667 = DIRECTION('',(-1.,0.,0.));
#3668 = ADVANCED_FACE('',(#3669),#3687,.T.);
#3669 = FACE_BOUND('',#3670,.T.);
#3670 = EDGE_LOOP('',(#3671,#3672,#3680,#3686));
#3671 = ORIENTED_EDGE('',*,*,#1191,.T.);
#3672 = ORIENTED_EDGE('',*,*,#3673,.T.);
#3673 = EDGE_CURVE('',#1184,#3674,#3676,.T.);
#3674 = VERTEX_POINT('',#3675);
#3675 = CARTESIAN_POINT('',(223.712006,-181.377426,6.));
#3676 = LINE('',#3677,#3678);
#3677 = CARTESIAN_POINT('',(223.712006,-181.377426,4.));
#3678 = VECTOR('',#3679,1.);
#3679 = DIRECTION('',(0.,0.,1.));
#3680 = ORIENTED_EDGE('',*,*,#3681,.T.);
#3681 = EDGE_CURVE('',#3674,#3650,#3682,.T.);
#3682 = LINE('',#3683,#3684);
#3683 = CARTESIAN_POINT('',(223.712006,-181.377426,6.));
#3684 = VECTOR('',#3685,1.);
#3685 = DIRECTION('',(0.,-1.,0.));
#3686 = ORIENTED_EDGE('',*,*,#3649,.F.);
#3687 = PLANE('',#3688);
#3688 = AXIS2_PLACEMENT_3D('',#3689,#3690,#3691);
#3689 = CARTESIAN_POINT('',(223.712006,-181.377426,4.));
#3690 = DIRECTION('',(1.,0.,0.));
#3691 = DIRECTION('',(0.,-1.,0.));
#3692 = ADVANCED_FACE('',(#3693),#3711,.T.);
#3693 = FACE_BOUND('',#3694,.T.);
#3694 = EDGE_LOOP('',(#3695,#3696,#3704,#3710));
#3695 = ORIENTED_EDGE('',*,*,#1183,.T.);
#3696 = ORIENTED_EDGE('',*,*,#3697,.T.);
#3697 = EDGE_CURVE('',#1176,#3698,#3700,.T.);
#3698 = VERTEX_POINT('',#3699);
#3699 = CARTESIAN_POINT('',(227.811249,-189.97998,6.));
#3700 = LINE('',#3701,#3702);
#3701 = CARTESIAN_POINT('',(227.811249,-189.97998,4.));
#3702 = VECTOR('',#3703,1.);
#3703 = DIRECTION('',(0.,0.,1.));
#3704 = ORIENTED_EDGE('',*,*,#3705,.T.);
#3705 = EDGE_CURVE('',#3698,#3674,#3706,.T.);
#3706 = LINE('',#3707,#3708);
#3707 = CARTESIAN_POINT('',(227.811249,-189.97998,6.));
#3708 = VECTOR('',#3709,1.);
#3709 = DIRECTION('',(-0.430172117867,0.902746890889,0.));
#3710 = ORIENTED_EDGE('',*,*,#3673,.F.);
#3711 = PLANE('',#3712);
#3712 = AXIS2_PLACEMENT_3D('',#3713,#3714,#3715);
#3713 = CARTESIAN_POINT('',(227.811249,-189.97998,4.));
#3714 = DIRECTION('',(-0.902746890889,-0.430172117867,0.));
#3715 = DIRECTION('',(-0.430172117867,0.902746890889,0.));
#3716 = ADVANCED_FACE('',(#3717),#3735,.T.);
#3717 = FACE_BOUND('',#3718,.T.);
#3718 = EDGE_LOOP('',(#3719,#3720,#3728,#3734));
#3719 = ORIENTED_EDGE('',*,*,#1175,.T.);
#3720 = ORIENTED_EDGE('',*,*,#3721,.T.);
#3721 = EDGE_CURVE('',#1168,#3722,#3724,.T.);
#3722 = VERTEX_POINT('',#3723);
#3723 = CARTESIAN_POINT('',(230.811249,-189.97998,6.));
#3724 = LINE('',#3725,#3726);
#3725 = CARTESIAN_POINT('',(230.811249,-189.97998,4.));
#3726 = VECTOR('',#3727,1.);
#3727 = DIRECTION('',(0.,0.,1.));
#3728 = ORIENTED_EDGE('',*,*,#3729,.T.);
#3729 = EDGE_CURVE('',#3722,#3698,#3730,.T.);
#3730 = LINE('',#3731,#3732);
#3731 = CARTESIAN_POINT('',(230.811249,-189.97998,6.));
#3732 = VECTOR('',#3733,1.);
#3733 = DIRECTION('',(-1.,0.,0.));
#3734 = ORIENTED_EDGE('',*,*,#3697,.F.);
#3735 = PLANE('',#3736);
#3736 = AXIS2_PLACEMENT_3D('',#3737,#3738,#3739);
#3737 = CARTESIAN_POINT('',(230.811249,-189.97998,4.));
#3738 = DIRECTION('',(0.,-1.,0.));
#3739 = DIRECTION('',(-1.,0.,0.));
#3740 = ADVANCED_FACE('',(#3741),#3759,.T.);
#3741 = FACE_BOUND('',#3742,.T.);
#3742 = EDGE_LOOP('',(#3743,#3744,#3752,#3758));
#3743 = ORIENTED_EDGE('',*,*,#1167,.T.);
#3744 = ORIENTED_EDGE('',*,*,#3745,.T.);
#3745 = EDGE_CURVE('',#1160,#3746,#3748,.T.);
#3746 = VERTEX_POINT('',#3747);
#3747 = CARTESIAN_POINT('',(230.811249,-177.173477,6.));
#3748 = LINE('',#3749,#3750);
#3749 = CARTESIAN_POINT('',(230.811249,-177.173477,4.));
#3750 = VECTOR('',#3751,1.);
#3751 = DIRECTION('',(0.,0.,1.));
#3752 = ORIENTED_EDGE('',*,*,#3753,.T.);
#3753 = EDGE_CURVE('',#3746,#3722,#3754,.T.);
#3754 = LINE('',#3755,#3756);
#3755 = CARTESIAN_POINT('',(230.811249,-177.173477,6.));
#3756 = VECTOR('',#3757,1.);
#3757 = DIRECTION('',(0.,-1.,0.));
#3758 = ORIENTED_EDGE('',*,*,#3721,.F.);
#3759 = PLANE('',#3760);
#3760 = AXIS2_PLACEMENT_3D('',#3761,#3762,#3763);
#3761 = CARTESIAN_POINT('',(230.811249,-177.173477,4.));
#3762 = DIRECTION('',(1.,0.,0.));
#3763 = DIRECTION('',(0.,-1.,0.));
#3764 = ADVANCED_FACE('',(#3765),#3783,.T.);
#3765 = FACE_BOUND('',#3766,.T.);
#3766 = EDGE_LOOP('',(#3767,#3768,#3776,#3782));
#3767 = ORIENTED_EDGE('',*,*,#1159,.T.);
#3768 = ORIENTED_EDGE('',*,*,#3769,.T.);
#3769 = EDGE_CURVE('',#1152,#3770,#3772,.T.);
#3770 = VERTEX_POINT('',#3771);
#3771 = CARTESIAN_POINT('',(228.811249,-177.173477,6.));
#3772 = LINE('',#3773,#3774);
#3773 = CARTESIAN_POINT('',(228.811249,-177.173477,4.));
#3774 = VECTOR('',#3775,1.);
#3775 = DIRECTION('',(0.,0.,1.));
#3776 = ORIENTED_EDGE('',*,*,#3777,.T.);
#3777 = EDGE_CURVE('',#3770,#3746,#3778,.T.);
#3778 = LINE('',#3779,#3780);
#3779 = CARTESIAN_POINT('',(228.811249,-177.173477,6.));
#3780 = VECTOR('',#3781,1.);
#3781 = DIRECTION('',(1.,0.,0.));
#3782 = ORIENTED_EDGE('',*,*,#3745,.F.);
#3783 = PLANE('',#3784);
#3784 = AXIS2_PLACEMENT_3D('',#3785,#3786,#3787);
#3785 = CARTESIAN_POINT('',(228.811249,-177.173477,4.));
#3786 = DIRECTION('',(0.,1.,0.));
#3787 = DIRECTION('',(1.,0.,0.));
#3788 = ADVANCED_FACE('',(#3789),#3807,.T.);
#3789 = FACE_BOUND('',#3790,.T.);
#3790 = EDGE_LOOP('',(#3791,#3792,#3800,#3806));
#3791 = ORIENTED_EDGE('',*,*,#1151,.T.);
#3792 = ORIENTED_EDGE('',*,*,#3793,.T.);
#3793 = EDGE_CURVE('',#1144,#3794,#3796,.T.);
#3794 = VERTEX_POINT('',#3795);
#3795 = CARTESIAN_POINT('',(228.811249,-187.605515,6.));
#3796 = LINE('',#3797,#3798);
#3797 = CARTESIAN_POINT('',(228.811249,-187.605515,4.));
#3798 = VECTOR('',#3799,1.);
#3799 = DIRECTION('',(0.,0.,1.));
#3800 = ORIENTED_EDGE('',*,*,#3801,.T.);
#3801 = EDGE_CURVE('',#3794,#3770,#3802,.T.);
#3802 = LINE('',#3803,#3804);
#3803 = CARTESIAN_POINT('',(228.811249,-187.605515,6.));
#3804 = VECTOR('',#3805,1.);
#3805 = DIRECTION('',(0.,1.,0.));
#3806 = ORIENTED_EDGE('',*,*,#3769,.F.);
#3807 = PLANE('',#3808);
#3808 = AXIS2_PLACEMENT_3D('',#3809,#3810,#3811);
#3809 = CARTESIAN_POINT('',(228.811249,-187.605515,4.));
#3810 = DIRECTION('',(-1.,0.,0.));
#3811 = DIRECTION('',(0.,1.,0.));
#3812 = ADVANCED_FACE('',(#3813),#3831,.T.);
#3813 = FACE_BOUND('',#3814,.T.);
#3814 = EDGE_LOOP('',(#3815,#3816,#3824,#3830));
#3815 = ORIENTED_EDGE('',*,*,#1143,.T.);
#3816 = ORIENTED_EDGE('',*,*,#3817,.T.);
#3817 = EDGE_CURVE('',#1136,#3818,#3820,.T.);
#3818 = VERTEX_POINT('',#3819);
#3819 = CARTESIAN_POINT('',(223.726807,-177.212402,6.));
#3820 = LINE('',#3821,#3822);
#3821 = CARTESIAN_POINT('',(223.726807,-177.212402,4.));
#3822 = VECTOR('',#3823,1.);
#3823 = DIRECTION('',(0.,0.,1.));
#3824 = ORIENTED_EDGE('',*,*,#3825,.T.);
#3825 = EDGE_CURVE('',#3818,#3794,#3826,.T.);
#3826 = LINE('',#3827,#3828);
#3827 = CARTESIAN_POINT('',(223.726807,-177.212402,6.));
#3828 = VECTOR('',#3829,1.);
#3829 = DIRECTION('',(0.439444815482,-0.898269588791,0.));
#3830 = ORIENTED_EDGE('',*,*,#3793,.F.);
#3831 = PLANE('',#3832);
#3832 = AXIS2_PLACEMENT_3D('',#3833,#3834,#3835);
#3833 = CARTESIAN_POINT('',(223.726807,-177.212402,4.));
#3834 = DIRECTION('',(0.898269588791,0.439444815482,0.));
#3835 = DIRECTION('',(0.439444815482,-0.898269588791,0.));
#3836 = ADVANCED_FACE('',(#3837),#3848,.T.);
#3837 = FACE_BOUND('',#3838,.T.);
#3838 = EDGE_LOOP('',(#3839,#3840,#3841,#3847));
#3839 = ORIENTED_EDGE('',*,*,#1135,.T.);
#3840 = ORIENTED_EDGE('',*,*,#3634,.T.);
#3841 = ORIENTED_EDGE('',*,*,#3842,.T.);
#3842 = EDGE_CURVE('',#3627,#3818,#3843,.T.);
#3843 = LINE('',#3844,#3845);
#3844 = CARTESIAN_POINT('',(221.726807,-177.212402,6.));
#3845 = VECTOR('',#3846,1.);
#3846 = DIRECTION('',(1.,0.,0.));
#3847 = ORIENTED_EDGE('',*,*,#3817,.F.);
#3848 = PLANE('',#3849);
#3849 = AXIS2_PLACEMENT_3D('',#3850,#3851,#3852);
#3850 = CARTESIAN_POINT('',(221.726807,-177.212402,4.));
#3851 = DIRECTION('',(0.,1.,0.));
#3852 = DIRECTION('',(1.,0.,0.));
#3853 = ADVANCED_FACE('',(#3854),#3879,.T.);
#3854 = FACE_BOUND('',#3855,.T.);
#3855 = EDGE_LOOP('',(#3856,#3857,#3865,#3873));
#3856 = ORIENTED_EDGE('',*,*,#1207,.T.);
#3857 = ORIENTED_EDGE('',*,*,#3858,.T.);
#3858 = EDGE_CURVE('',#1210,#3859,#3861,.T.);
#3859 = VERTEX_POINT('',#3860);
#3860 = CARTESIAN_POINT('',(232.97168,-177.218399,6.));
#3861 = LINE('',#3862,#3863);
#3862 = CARTESIAN_POINT('',(232.97168,-177.218399,4.));
#3863 = VECTOR('',#3864,1.);
#3864 = DIRECTION('',(0.,0.,1.));
#3865 = ORIENTED_EDGE('',*,*,#3866,.T.);
#3866 = EDGE_CURVE('',#3859,#3867,#3869,.T.);
#3867 = VERTEX_POINT('',#3868);
#3868 = CARTESIAN_POINT('',(241.885635,-177.218399,6.));
#3869 = LINE('',#3870,#3871);
#3870 = CARTESIAN_POINT('',(232.97168,-177.218399,6.));
#3871 = VECTOR('',#3872,1.);
#3872 = DIRECTION('',(1.,0.,0.));
#3873 = ORIENTED_EDGE('',*,*,#3874,.F.);
#3874 = EDGE_CURVE('',#1208,#3867,#3875,.T.);
#3875 = LINE('',#3876,#3877);
#3876 = CARTESIAN_POINT('',(241.885635,-177.218399,4.));
#3877 = VECTOR('',#3878,1.);
#3878 = DIRECTION('',(0.,0.,1.));
#3879 = PLANE('',#3880);
#3880 = AXIS2_PLACEMENT_3D('',#3881,#3882,#3883);
#3881 = CARTESIAN_POINT('',(232.97168,-177.218399,4.));
#3882 = DIRECTION('',(0.,1.,0.));
#3883 = DIRECTION('',(1.,0.,0.));
#3884 = ADVANCED_FACE('',(#3885),#3903,.F.);
#3885 = FACE_BOUND('',#3886,.F.);
#3886 = EDGE_LOOP('',(#3887,#3888,#3889,#3897));
#3887 = ORIENTED_EDGE('',*,*,#1361,.T.);
#3888 = ORIENTED_EDGE('',*,*,#3858,.T.);
#3889 = ORIENTED_EDGE('',*,*,#3890,.T.);
#3890 = EDGE_CURVE('',#3859,#3891,#3893,.T.);
#3891 = VERTEX_POINT('',#3892);
#3892 = CARTESIAN_POINT('',(232.97168,-179.218399,6.));
#3893 = LINE('',#3894,#3895);
#3894 = CARTESIAN_POINT('',(232.97168,-177.218399,6.));
#3895 = VECTOR('',#3896,1.);
#3896 = DIRECTION('',(0.,-1.,0.));
#3897 = ORIENTED_EDGE('',*,*,#3898,.F.);
#3898 = EDGE_CURVE('',#1354,#3891,#3899,.T.);
#3899 = LINE('',#3900,#3901);
#3900 = CARTESIAN_POINT('',(232.97168,-179.218399,4.));
#3901 = VECTOR('',#3902,1.);
#3902 = DIRECTION('',(0.,0.,1.));
#3903 = PLANE('',#3904);
#3904 = AXIS2_PLACEMENT_3D('',#3905,#3906,#3907);
#3905 = CARTESIAN_POINT('',(232.97168,-177.218399,4.));
#3906 = DIRECTION('',(1.,0.,0.));
#3907 = DIRECTION('',(0.,-1.,0.));
#3908 = ADVANCED_FACE('',(#3909),#3927,.F.);
#3909 = FACE_BOUND('',#3910,.F.);
#3910 = EDGE_LOOP('',(#3911,#3912,#3913,#3921));
#3911 = ORIENTED_EDGE('',*,*,#1353,.T.);
#3912 = ORIENTED_EDGE('',*,*,#3898,.T.);
#3913 = ORIENTED_EDGE('',*,*,#3914,.T.);
#3914 = EDGE_CURVE('',#3891,#3915,#3917,.T.);
#3915 = VERTEX_POINT('',#3916);
#3916 = CARTESIAN_POINT('',(236.31929,-179.218399,6.));
#3917 = LINE('',#3918,#3919);
#3918 = CARTESIAN_POINT('',(232.97168,-179.218399,6.));
#3919 = VECTOR('',#3920,1.);
#3920 = DIRECTION('',(1.,0.,0.));
#3921 = ORIENTED_EDGE('',*,*,#3922,.F.);
#3922 = EDGE_CURVE('',#1346,#3915,#3923,.T.);
#3923 = LINE('',#3924,#3925);
#3924 = CARTESIAN_POINT('',(236.31929,-179.218399,4.));
#3925 = VECTOR('',#3926,1.);
#3926 = DIRECTION('',(0.,0.,1.));
#3927 = PLANE('',#3928);
#3928 = AXIS2_PLACEMENT_3D('',#3929,#3930,#3931);
#3929 = CARTESIAN_POINT('',(232.97168,-179.218399,4.));
#3930 = DIRECTION('',(0.,1.,0.));
#3931 = DIRECTION('',(1.,0.,0.));
#3932 = ADVANCED_FACE('',(#3933),#3951,.F.);
#3933 = FACE_BOUND('',#3934,.F.);
#3934 = EDGE_LOOP('',(#3935,#3936,#3937,#3945));
#3935 = ORIENTED_EDGE('',*,*,#1345,.T.);
#3936 = ORIENTED_EDGE('',*,*,#3922,.T.);
#3937 = ORIENTED_EDGE('',*,*,#3938,.T.);
#3938 = EDGE_CURVE('',#3915,#3939,#3941,.T.);
#3939 = VERTEX_POINT('',#3940);
#3940 = CARTESIAN_POINT('',(236.31929,-187.027634,6.));
#3941 = LINE('',#3942,#3943);
#3942 = CARTESIAN_POINT('',(236.31929,-179.218399,6.));
#3943 = VECTOR('',#3944,1.);
#3944 = DIRECTION('',(0.,-1.,0.));
#3945 = ORIENTED_EDGE('',*,*,#3946,.F.);
#3946 = EDGE_CURVE('',#1338,#3939,#3947,.T.);
#3947 = LINE('',#3948,#3949);
#3948 = CARTESIAN_POINT('',(236.31929,-187.027634,4.));
#3949 = VECTOR('',#3950,1.);
#3950 = DIRECTION('',(0.,0.,1.));
#3951 = PLANE('',#3952);
#3952 = AXIS2_PLACEMENT_3D('',#3953,#3954,#3955);
#3953 = CARTESIAN_POINT('',(236.31929,-179.218399,4.));
#3954 = DIRECTION('',(1.,0.,0.));
#3955 = DIRECTION('',(0.,-1.,0.));
#3956 = ADVANCED_FACE('',(#3957),#3975,.F.);
#3957 = FACE_BOUND('',#3958,.F.);
#3958 = EDGE_LOOP('',(#3959,#3960,#3961,#3969));
#3959 = ORIENTED_EDGE('',*,*,#1337,.T.);
#3960 = ORIENTED_EDGE('',*,*,#3946,.T.);
#3961 = ORIENTED_EDGE('',*,*,#3962,.T.);
#3962 = EDGE_CURVE('',#3939,#3963,#3965,.T.);
#3963 = VERTEX_POINT('',#3964);
#3964 = CARTESIAN_POINT('',(235.930023,-187.845078,6.));
#3965 = LINE('',#3966,#3967);
#3966 = CARTESIAN_POINT('',(236.31929,-187.027634,6.));
#3967 = VECTOR('',#3968,1.);
#3968 = DIRECTION('',(-0.429940740156,-0.902857109378,0.));
#3969 = ORIENTED_EDGE('',*,*,#3970,.F.);
#3970 = EDGE_CURVE('',#1330,#3963,#3971,.T.);
#3971 = LINE('',#3972,#3973);
#3972 = CARTESIAN_POINT('',(235.930023,-187.845078,4.));
#3973 = VECTOR('',#3974,1.);
#3974 = DIRECTION('',(0.,0.,1.));
#3975 = PLANE('',#3976);
#3976 = AXIS2_PLACEMENT_3D('',#3977,#3978,#3979);
#3977 = CARTESIAN_POINT('',(236.31929,-187.027634,4.));
#3978 = DIRECTION('',(0.902857109378,-0.429940740156,0.));
#3979 = DIRECTION('',(-0.429940740156,-0.902857109378,0.));
#3980 = ADVANCED_FACE('',(#3981),#3999,.F.);
#3981 = FACE_BOUND('',#3982,.F.);
#3982 = EDGE_LOOP('',(#3983,#3984,#3985,#3993));
#3983 = ORIENTED_EDGE('',*,*,#1329,.T.);
#3984 = ORIENTED_EDGE('',*,*,#3970,.T.);
#3985 = ORIENTED_EDGE('',*,*,#3986,.T.);
#3986 = EDGE_CURVE('',#3963,#3987,#3989,.T.);
#3987 = VERTEX_POINT('',#3988);
#3988 = CARTESIAN_POINT('',(235.22937,-188.351105,6.));
#3989 = LINE('',#3990,#3991);
#3990 = CARTESIAN_POINT('',(235.930023,-187.845078,6.));
#3991 = VECTOR('',#3992,1.);
#3992 = DIRECTION('',(-0.81067931993,-0.58549042711,0.));
#3993 = ORIENTED_EDGE('',*,*,#3994,.F.);
#3994 = EDGE_CURVE('',#1322,#3987,#3995,.T.);
#3995 = LINE('',#3996,#3997);
#3996 = CARTESIAN_POINT('',(235.22937,-188.351105,4.));
#3997 = VECTOR('',#3998,1.);
#3998 = DIRECTION('',(0.,0.,1.));
#3999 = PLANE('',#4000);
#4000 = AXIS2_PLACEMENT_3D('',#4001,#4002,#4003);
#4001 = CARTESIAN_POINT('',(235.930023,-187.845078,4.));
#4002 = DIRECTION('',(0.58549042711,-0.81067931993,0.));
#4003 = DIRECTION('',(-0.81067931993,-0.58549042711,0.));
#4004 = ADVANCED_FACE('',(#4005),#4023,.F.);
#4005 = FACE_BOUND('',#4006,.F.);
#4006 = EDGE_LOOP('',(#4007,#4008,#4009,#4017));
#4007 = ORIENTED_EDGE('',*,*,#1321,.T.);
#4008 = ORIENTED_EDGE('',*,*,#3994,.T.);
#4009 = ORIENTED_EDGE('',*,*,#4010,.T.);
#4010 = EDGE_CURVE('',#3987,#4011,#4013,.T.);
#4011 = VERTEX_POINT('',#4012);
#4012 = CARTESIAN_POINT('',(234.411926,-188.31218,6.));
#4013 = LINE('',#4014,#4015);
#4014 = CARTESIAN_POINT('',(235.22937,-188.351105,6.));
#4015 = VECTOR('',#4016,1.);
#4016 = DIRECTION('',(-0.998868190251,4.756404635117E-02,0.));
#4017 = ORIENTED_EDGE('',*,*,#4018,.F.);
#4018 = EDGE_CURVE('',#1314,#4011,#4019,.T.);
#4019 = LINE('',#4020,#4021);
#4020 = CARTESIAN_POINT('',(234.411926,-188.31218,4.));
#4021 = VECTOR('',#4022,1.);
#4022 = DIRECTION('',(0.,0.,1.));
#4023 = PLANE('',#4024);
#4024 = AXIS2_PLACEMENT_3D('',#4025,#4026,#4027);
#4025 = CARTESIAN_POINT('',(235.22937,-188.351105,4.));
#4026 = DIRECTION('',(-4.756404635117E-02,-0.998868190251,0.));
#4027 = DIRECTION('',(-0.998868190251,4.756404635117E-02,0.));
#4028 = ADVANCED_FACE('',(#4029),#4047,.F.);
#4029 = FACE_BOUND('',#4030,.F.);
#4030 = EDGE_LOOP('',(#4031,#4032,#4033,#4041));
#4031 = ORIENTED_EDGE('',*,*,#1313,.T.);
#4032 = ORIENTED_EDGE('',*,*,#4018,.T.);
#4033 = ORIENTED_EDGE('',*,*,#4034,.T.);
#4034 = EDGE_CURVE('',#4011,#4035,#4037,.T.);
#4035 = VERTEX_POINT('',#4036);
#4036 = CARTESIAN_POINT('',(233.905899,-187.767227,6.));
#4037 = LINE('',#4038,#4039);
#4038 = CARTESIAN_POINT('',(234.411926,-188.31218,6.));
#4039 = VECTOR('',#4040,1.);
#4040 = DIRECTION('',(-0.680450532017,0.732794018451,0.));
#4041 = ORIENTED_EDGE('',*,*,#4042,.F.);
#4042 = EDGE_CURVE('',#1306,#4035,#4043,.T.);
#4043 = LINE('',#4044,#4045);
#4044 = CARTESIAN_POINT('',(233.905899,-187.767227,4.));
#4045 = VECTOR('',#4046,1.);
#4046 = DIRECTION('',(0.,0.,1.));
#4047 = PLANE('',#4048);
#4048 = AXIS2_PLACEMENT_3D('',#4049,#4050,#4051);
#4049 = CARTESIAN_POINT('',(234.411926,-188.31218,4.));
#4050 = DIRECTION('',(-0.732794018451,-0.680450532017,0.));
#4051 = DIRECTION('',(-0.680450532017,0.732794018451,0.));
#4052 = ADVANCED_FACE('',(#4053),#4071,.F.);
#4053 = FACE_BOUND('',#4054,.F.);
#4054 = EDGE_LOOP('',(#4055,#4056,#4057,#4065));
#4055 = ORIENTED_EDGE('',*,*,#1305,.T.);
#4056 = ORIENTED_EDGE('',*,*,#4042,.T.);
#4057 = ORIENTED_EDGE('',*,*,#4058,.T.);
#4058 = EDGE_CURVE('',#4035,#4059,#4061,.T.);
#4059 = VERTEX_POINT('',#4060);
#4060 = CARTESIAN_POINT('',(233.82804903749,-187.300125,6.));
#4061 = LINE('',#4062,#4063);
#4062 = CARTESIAN_POINT('',(233.905899,-187.767227,6.));
#4063 = VECTOR('',#4064,1.);
#4064 = DIRECTION('',(-0.164398302419,0.98639403798,0.));
#4065 = ORIENTED_EDGE('',*,*,#4066,.F.);
#4066 = EDGE_CURVE('',#1298,#4059,#4067,.T.);
#4067 = LINE('',#4068,#4069);
#4068 = CARTESIAN_POINT('',(233.82804903749,-187.300125,4.));
#4069 = VECTOR('',#4070,1.);
#4070 = DIRECTION('',(0.,0.,1.));
#4071 = PLANE('',#4072);
#4072 = AXIS2_PLACEMENT_3D('',#4073,#4074,#4075);
#4073 = CARTESIAN_POINT('',(233.905899,-187.767227,4.));
#4074 = DIRECTION('',(-0.98639403798,-0.164398302419,0.));
#4075 = DIRECTION('',(-0.164398302419,0.98639403798,0.));
#4076 = ADVANCED_FACE('',(#4077),#4095,.F.);
#4077 = FACE_BOUND('',#4078,.F.);
#4078 = EDGE_LOOP('',(#4079,#4080,#4081,#4089));
#4079 = ORIENTED_EDGE('',*,*,#1297,.T.);
#4080 = ORIENTED_EDGE('',*,*,#4066,.T.);
#4081 = ORIENTED_EDGE('',*,*,#4082,.T.);
#4082 = EDGE_CURVE('',#4059,#4083,#4085,.T.);
#4083 = VERTEX_POINT('',#4084);
#4084 = CARTESIAN_POINT('',(231.92088,-187.9023758774,6.));
#4085 = LINE('',#4086,#4087);
#4086 = CARTESIAN_POINT('',(233.82804907499,-187.300125,6.));
#4087 = VECTOR('',#4088,1.);
#4088 = DIRECTION('',(-0.953584537495,-0.301125438731,0.));
#4089 = ORIENTED_EDGE('',*,*,#4090,.F.);
#4090 = EDGE_CURVE('',#1290,#4083,#4091,.T.);
#4091 = LINE('',#4092,#4093);
#4092 = CARTESIAN_POINT('',(231.92088,-187.9023758774,4.));
#4093 = VECTOR('',#4094,1.);
#4094 = DIRECTION('',(0.,0.,1.));
#4095 = PLANE('',#4096);
#4096 = AXIS2_PLACEMENT_3D('',#4097,#4098,#4099);
#4097 = CARTESIAN_POINT('',(233.82804907499,-187.300125,4.));
#4098 = DIRECTION('',(0.301125438731,-0.953584537495,0.));
#4099 = DIRECTION('',(-0.953584537495,-0.301125438731,0.));
#4100 = ADVANCED_FACE('',(#4101),#4119,.F.);
#4101 = FACE_BOUND('',#4102,.F.);
#4102 = EDGE_LOOP('',(#4103,#4104,#4105,#4113));
#4103 = ORIENTED_EDGE('',*,*,#1289,.T.);
#4104 = ORIENTED_EDGE('',*,*,#4090,.T.);
#4105 = ORIENTED_EDGE('',*,*,#4106,.T.);
#4106 = EDGE_CURVE('',#4083,#4107,#4109,.T.);
#4107 = VERTEX_POINT('',#4108);
#4108 = CARTESIAN_POINT('',(232.076401,-188.428955,6.));
#4109 = LINE('',#4110,#4111);
#4110 = CARTESIAN_POINT('',(231.92088,-187.9023758774,6.));
#4111 = VECTOR('',#4112,1.);
#4112 = DIRECTION('',(0.283246984028,-0.959046998869,0.));
#4113 = ORIENTED_EDGE('',*,*,#4114,.F.);
#4114 = EDGE_CURVE('',#1282,#4107,#4115,.T.);
#4115 = LINE('',#4116,#4117);
#4116 = CARTESIAN_POINT('',(232.076401,-188.428955,4.));
#4117 = VECTOR('',#4118,1.);
#4118 = DIRECTION('',(0.,0.,1.));
#4119 = PLANE('',#4120);
#4120 = AXIS2_PLACEMENT_3D('',#4121,#4122,#4123);
#4121 = CARTESIAN_POINT('',(231.92088,-187.9023758774,4.));
#4122 = DIRECTION('',(0.959046998869,0.283246984028,0.));
#4123 = DIRECTION('',(0.283246984028,-0.959046998869,0.));
#4124 = ADVANCED_FACE('',(#4125),#4143,.F.);
#4125 = FACE_BOUND('',#4126,.F.);
#4126 = EDGE_LOOP('',(#4127,#4128,#4129,#4137));
#4127 = ORIENTED_EDGE('',*,*,#1281,.T.);
#4128 = ORIENTED_EDGE('',*,*,#4114,.T.);
#4129 = ORIENTED_EDGE('',*,*,#4130,.T.);
#4130 = EDGE_CURVE('',#4107,#4131,#4133,.T.);
#4131 = VERTEX_POINT('',#4132);
#4132 = CARTESIAN_POINT('',(232.893829,-189.441025,6.));
#4133 = LINE('',#4134,#4135);
#4134 = CARTESIAN_POINT('',(232.076401,-188.428955,6.));
#4135 = VECTOR('',#4136,1.);
#4136 = DIRECTION('',(0.628330988001,-0.777946122503,0.));
#4137 = ORIENTED_EDGE('',*,*,#4138,.F.);
#4138 = EDGE_CURVE('',#1274,#4131,#4139,.T.);
#4139 = LINE('',#4140,#4141);
#4140 = CARTESIAN_POINT('',(232.893829,-189.441025,4.));
#4141 = VECTOR('',#4142,1.);
#4142 = DIRECTION('',(0.,0.,1.));
#4143 = PLANE('',#4144);
#4144 = AXIS2_PLACEMENT_3D('',#4145,#4146,#4147);
#4145 = CARTESIAN_POINT('',(232.076401,-188.428955,4.));
#4146 = DIRECTION('',(0.777946122503,0.628330988001,0.));
#4147 = DIRECTION('',(0.628330988001,-0.777946122503,0.));
#4148 = ADVANCED_FACE('',(#4149),#4167,.F.);
#4149 = FACE_BOUND('',#4150,.F.);
#4150 = EDGE_LOOP('',(#4151,#4152,#4153,#4161));
#4151 = ORIENTED_EDGE('',*,*,#1273,.T.);
#4152 = ORIENTED_EDGE('',*,*,#4138,.T.);
#4153 = ORIENTED_EDGE('',*,*,#4154,.T.);
#4154 = EDGE_CURVE('',#4131,#4155,#4157,.T.);
#4155 = VERTEX_POINT('',#4156);
#4156 = CARTESIAN_POINT('',(234.723328,-190.141693,6.));
#4157 = LINE('',#4158,#4159);
#4158 = CARTESIAN_POINT('',(232.893829,-189.441025,6.));
#4159 = VECTOR('',#4160,1.);
#4160 = DIRECTION('',(0.933855249981,-0.357651187726,0.));
#4161 = ORIENTED_EDGE('',*,*,#4162,.F.);
#4162 = EDGE_CURVE('',#1266,#4155,#4163,.T.);
#4163 = LINE('',#4164,#4165);
#4164 = CARTESIAN_POINT('',(234.723328,-190.141693,4.));
#4165 = VECTOR('',#4166,1.);
#4166 = DIRECTION('',(0.,0.,1.));
#4167 = PLANE('',#4168);
#4168 = AXIS2_PLACEMENT_3D('',#4169,#4170,#4171);
#4169 = CARTESIAN_POINT('',(232.893829,-189.441025,4.));
#4170 = DIRECTION('',(0.357651187726,0.933855249981,0.));
#4171 = DIRECTION('',(0.933855249981,-0.357651187726,0.));
#4172 = ADVANCED_FACE('',(#4173),#4191,.F.);
#4173 = FACE_BOUND('',#4174,.F.);
#4174 = EDGE_LOOP('',(#4175,#4176,#4177,#4185));
#4175 = ORIENTED_EDGE('',*,*,#1265,.T.);
#4176 = ORIENTED_EDGE('',*,*,#4162,.T.);
#4177 = ORIENTED_EDGE('',*,*,#4178,.T.);
#4178 = EDGE_CURVE('',#4155,#4179,#4181,.T.);
#4179 = VERTEX_POINT('',#4180);
#4180 = CARTESIAN_POINT('',(236.007874,-189.908127,6.));
#4181 = LINE('',#4182,#4183);
#4182 = CARTESIAN_POINT('',(234.723328,-190.141693,6.));
#4183 = VECTOR('',#4184,1.);
#4184 = DIRECTION('',(0.983868267911,0.178894470002,0.));
#4185 = ORIENTED_EDGE('',*,*,#4186,.F.);
#4186 = EDGE_CURVE('',#1258,#4179,#4187,.T.);
#4187 = LINE('',#4188,#4189);
#4188 = CARTESIAN_POINT('',(236.007874,-189.908127,4.));
#4189 = VECTOR('',#4190,1.);
#4190 = DIRECTION('',(0.,0.,1.));
#4191 = PLANE('',#4192);
#4192 = AXIS2_PLACEMENT_3D('',#4193,#4194,#4195);
#4193 = CARTESIAN_POINT('',(234.723328,-190.141693,4.));
#4194 = DIRECTION('',(-0.178894470002,0.983868267911,0.));
#4195 = DIRECTION('',(0.983868267911,0.178894470002,0.));
#4196 = ADVANCED_FACE('',(#4197),#4215,.F.);
#4197 = FACE_BOUND('',#4198,.F.);
#4198 = EDGE_LOOP('',(#4199,#4200,#4201,#4209));
#4199 = ORIENTED_EDGE('',*,*,#1257,.T.);
#4200 = ORIENTED_EDGE('',*,*,#4186,.T.);
#4201 = ORIENTED_EDGE('',*,*,#4202,.T.);
#4202 = EDGE_CURVE('',#4179,#4203,#4205,.T.);
#4203 = VERTEX_POINT('',#4204);
#4204 = CARTESIAN_POINT('',(236.942093,-189.168549,6.));
#4205 = LINE('',#4206,#4207);
#4206 = CARTESIAN_POINT('',(236.007874,-189.908127,6.));
#4207 = VECTOR('',#4208,1.);
#4208 = DIRECTION('',(0.78405074265,0.620696731867,0.));
#4209 = ORIENTED_EDGE('',*,*,#4210,.F.);
#4210 = EDGE_CURVE('',#1250,#4203,#4211,.T.);
#4211 = LINE('',#4212,#4213);
#4212 = CARTESIAN_POINT('',(236.942093,-189.168549,4.));
#4213 = VECTOR('',#4214,1.);
#4214 = DIRECTION('',(0.,0.,1.));
#4215 = PLANE('',#4216);
#4216 = AXIS2_PLACEMENT_3D('',#4217,#4218,#4219);
#4217 = CARTESIAN_POINT('',(236.007874,-189.908127,4.));
#4218 = DIRECTION('',(-0.620696731867,0.78405074265,0.));
#4219 = DIRECTION('',(0.78405074265,0.620696731867,0.));
#4220 = ADVANCED_FACE('',(#4221),#4239,.F.);
#4221 = FACE_BOUND('',#4222,.F.);
#4222 = EDGE_LOOP('',(#4223,#4224,#4225,#4233));
#4223 = ORIENTED_EDGE('',*,*,#1249,.T.);
#4224 = ORIENTED_EDGE('',*,*,#4210,.T.);
#4225 = ORIENTED_EDGE('',*,*,#4226,.T.);
#4226 = EDGE_CURVE('',#4203,#4227,#4229,.T.);
#4227 = VERTEX_POINT('',#4228);
#4228 = CARTESIAN_POINT('',(237.798462,-187.922928,6.));
#4229 = LINE('',#4230,#4231);
#4230 = CARTESIAN_POINT('',(236.942093,-189.168549,6.));
#4231 = VECTOR('',#4232,1.);
#4232 = DIRECTION('',(0.566530872462,0.824040515113,0.));
#4233 = ORIENTED_EDGE('',*,*,#4234,.F.);
#4234 = EDGE_CURVE('',#1242,#4227,#4235,.T.);
#4235 = LINE('',#4236,#4237);
#4236 = CARTESIAN_POINT('',(237.798462,-187.922928,4.));
#4237 = VECTOR('',#4238,1.);
#4238 = DIRECTION('',(0.,0.,1.));
#4239 = PLANE('',#4240);
#4240 = AXIS2_PLACEMENT_3D('',#4241,#4242,#4243);
#4241 = CARTESIAN_POINT('',(236.942093,-189.168549,4.));
#4242 = DIRECTION('',(-0.824040515113,0.566530872462,0.));
#4243 = DIRECTION('',(0.566530872462,0.824040515113,0.));
#4244 = ADVANCED_FACE('',(#4245),#4263,.F.);
#4245 = FACE_BOUND('',#4246,.F.);
#4246 = EDGE_LOOP('',(#4247,#4248,#4249,#4257));
#4247 = ORIENTED_EDGE('',*,*,#1241,.T.);
#4248 = ORIENTED_EDGE('',*,*,#4234,.T.);
#4249 = ORIENTED_EDGE('',*,*,#4250,.T.);
#4250 = EDGE_CURVE('',#4227,#4251,#4253,.T.);
#4251 = VERTEX_POINT('',#4252);
#4252 = CARTESIAN_POINT('',(238.187714,-186.599457,6.));
#4253 = LINE('',#4254,#4255);
#4254 = CARTESIAN_POINT('',(237.798462,-187.922928,6.));
#4255 = VECTOR('',#4256,1.);
#4256 = DIRECTION('',(0.282163537563,0.959366321105,0.));
#4257 = ORIENTED_EDGE('',*,*,#4258,.F.);
#4258 = EDGE_CURVE('',#1234,#4251,#4259,.T.);
#4259 = LINE('',#4260,#4261);
#4260 = CARTESIAN_POINT('',(238.187714,-186.599457,4.));
#4261 = VECTOR('',#4262,1.);
#4262 = DIRECTION('',(0.,0.,1.));
#4263 = PLANE('',#4264);
#4264 = AXIS2_PLACEMENT_3D('',#4265,#4266,#4267);
#4265 = CARTESIAN_POINT('',(237.798462,-187.922928,4.));
#4266 = DIRECTION('',(-0.959366321105,0.282163537563,0.));
#4267 = DIRECTION('',(0.282163537563,0.959366321105,0.));
#4268 = ADVANCED_FACE('',(#4269),#4287,.F.);
#4269 = FACE_BOUND('',#4270,.F.);
#4270 = EDGE_LOOP('',(#4271,#4272,#4273,#4281));
#4271 = ORIENTED_EDGE('',*,*,#1233,.T.);
#4272 = ORIENTED_EDGE('',*,*,#4258,.T.);
#4273 = ORIENTED_EDGE('',*,*,#4274,.T.);
#4274 = EDGE_CURVE('',#4251,#4275,#4277,.T.);
#4275 = VERTEX_POINT('',#4276);
#4276 = CARTESIAN_POINT('',(238.187714,-179.218399,6.));
#4277 = LINE('',#4278,#4279);
#4278 = CARTESIAN_POINT('',(238.187714,-186.599457,6.));
#4279 = VECTOR('',#4280,1.);
#4280 = DIRECTION('',(0.,1.,0.));
#4281 = ORIENTED_EDGE('',*,*,#4282,.F.);
#4282 = EDGE_CURVE('',#1226,#4275,#4283,.T.);
#4283 = LINE('',#4284,#4285);
#4284 = CARTESIAN_POINT('',(238.187714,-179.218399,4.));
#4285 = VECTOR('',#4286,1.);
#4286 = DIRECTION('',(0.,0.,1.));
#4287 = PLANE('',#4288);
#4288 = AXIS2_PLACEMENT_3D('',#4289,#4290,#4291);
#4289 = CARTESIAN_POINT('',(238.187714,-186.599457,4.));
#4290 = DIRECTION('',(-1.,0.,0.));
#4291 = DIRECTION('',(0.,1.,0.));
#4292 = ADVANCED_FACE('',(#4293),#4311,.T.);
#4293 = FACE_BOUND('',#4294,.T.);
#4294 = EDGE_LOOP('',(#4295,#4296,#4304,#4310));
#4295 = ORIENTED_EDGE('',*,*,#1225,.T.);
#4296 = ORIENTED_EDGE('',*,*,#4297,.T.);
#4297 = EDGE_CURVE('',#1218,#4298,#4300,.T.);
#4298 = VERTEX_POINT('',#4299);
#4299 = CARTESIAN_POINT('',(241.885635,-179.218399,6.));
#4300 = LINE('',#4301,#4302);
#4301 = CARTESIAN_POINT('',(241.885635,-179.218399,4.));
#4302 = VECTOR('',#4303,1.);
#4303 = DIRECTION('',(0.,0.,1.));
#4304 = ORIENTED_EDGE('',*,*,#4305,.T.);
#4305 = EDGE_CURVE('',#4298,#4275,#4306,.T.);
#4306 = LINE('',#4307,#4308);
#4307 = CARTESIAN_POINT('',(241.885635,-179.218399,6.));
#4308 = VECTOR('',#4309,1.);
#4309 = DIRECTION('',(-1.,0.,0.));
#4310 = ORIENTED_EDGE('',*,*,#4282,.F.);
#4311 = PLANE('',#4312);
#4312 = AXIS2_PLACEMENT_3D('',#4313,#4314,#4315);
#4313 = CARTESIAN_POINT('',(241.885635,-179.218399,4.));
#4314 = DIRECTION('',(0.,-1.,0.));
#4315 = DIRECTION('',(-1.,0.,0.));
#4316 = ADVANCED_FACE('',(#4317),#4328,.T.);
#4317 = FACE_BOUND('',#4318,.T.);
#4318 = EDGE_LOOP('',(#4319,#4320,#4321,#4327));
#4319 = ORIENTED_EDGE('',*,*,#1217,.T.);
#4320 = ORIENTED_EDGE('',*,*,#3874,.T.);
#4321 = ORIENTED_EDGE('',*,*,#4322,.T.);
#4322 = EDGE_CURVE('',#3867,#4298,#4323,.T.);
#4323 = LINE('',#4324,#4325);
#4324 = CARTESIAN_POINT('',(241.885635,-177.218399,6.));
#4325 = VECTOR('',#4326,1.);
#4326 = DIRECTION('',(0.,-1.,0.));
#4327 = ORIENTED_EDGE('',*,*,#4297,.F.);
#4328 = PLANE('',#4329);
#4329 = AXIS2_PLACEMENT_3D('',#4330,#4331,#4332);
#4330 = CARTESIAN_POINT('',(241.885635,-177.218399,4.));
#4331 = DIRECTION('',(1.,0.,0.));
#4332 = DIRECTION('',(0.,-1.,0.));
#4333 = ADVANCED_FACE('',(#4334),#4359,.T.);
#4334 = FACE_BOUND('',#4335,.T.);
#4335 = EDGE_LOOP('',(#4336,#4337,#4345,#4353));
#4336 = ORIENTED_EDGE('',*,*,#1369,.T.);
#4337 = ORIENTED_EDGE('',*,*,#4338,.T.);
#4338 = EDGE_CURVE('',#1372,#4339,#4341,.T.);
#4339 = VERTEX_POINT('',#4340);
#4340 = CARTESIAN_POINT('',(242.537949,-189.903168,6.));
#4341 = LINE('',#4342,#4343);
#4342 = CARTESIAN_POINT('',(242.537949,-189.903168,4.));
#4343 = VECTOR('',#4344,1.);
#4344 = DIRECTION('',(0.,0.,1.));
#4345 = ORIENTED_EDGE('',*,*,#4346,.T.);
#4346 = EDGE_CURVE('',#4339,#4347,#4349,.T.);
#4347 = VERTEX_POINT('',#4348);
#4348 = CARTESIAN_POINT('',(245.301666,-177.25235,6.));
#4349 = LINE('',#4350,#4351);
#4350 = CARTESIAN_POINT('',(242.537949,-189.903168,6.));
#4351 = VECTOR('',#4352,1.);
#4352 = DIRECTION('',(0.213427913111,0.976958814846,0.));
#4353 = ORIENTED_EDGE('',*,*,#4354,.F.);
#4354 = EDGE_CURVE('',#1370,#4347,#4355,.T.);
#4355 = LINE('',#4356,#4357);
#4356 = CARTESIAN_POINT('',(245.301666,-177.25235,4.));
#4357 = VECTOR('',#4358,1.);
#4358 = DIRECTION('',(0.,0.,1.));
#4359 = PLANE('',#4360);
#4360 = AXIS2_PLACEMENT_3D('',#4361,#4362,#4363);
#4361 = CARTESIAN_POINT('',(242.537949,-189.903168,4.));
#4362 = DIRECTION('',(-0.976958814846,0.213427913111,0.));
#4363 = DIRECTION('',(0.213427913111,0.976958814846,0.));
#4364 = ADVANCED_FACE('',(#4365),#4383,.F.);
#4365 = FACE_BOUND('',#4366,.F.);
#4366 = EDGE_LOOP('',(#4367,#4368,#4369,#4377));
#4367 = ORIENTED_EDGE('',*,*,#1427,.T.);
#4368 = ORIENTED_EDGE('',*,*,#4338,.T.);
#4369 = ORIENTED_EDGE('',*,*,#4370,.T.);
#4370 = EDGE_CURVE('',#4339,#4371,#4373,.T.);
#4371 = VERTEX_POINT('',#4372);
#4372 = CARTESIAN_POINT('',(244.537949,-189.903168,6.));
#4373 = LINE('',#4374,#4375);
#4374 = CARTESIAN_POINT('',(242.537949,-189.903168,6.));
#4375 = VECTOR('',#4376,1.);
#4376 = DIRECTION('',(1.,0.,0.));
#4377 = ORIENTED_EDGE('',*,*,#4378,.F.);
#4378 = EDGE_CURVE('',#1420,#4371,#4379,.T.);
#4379 = LINE('',#4380,#4381);
#4380 = CARTESIAN_POINT('',(244.537949,-189.903168,4.));
#4381 = VECTOR('',#4382,1.);
#4382 = DIRECTION('',(0.,0.,1.));
#4383 = PLANE('',#4384);
#4384 = AXIS2_PLACEMENT_3D('',#4385,#4386,#4387);
#4385 = CARTESIAN_POINT('',(242.537949,-189.903168,4.));
#4386 = DIRECTION('',(0.,1.,0.));
#4387 = DIRECTION('',(1.,0.,0.));
#4388 = ADVANCED_FACE('',(#4389),#4407,.F.);
#4389 = FACE_BOUND('',#4390,.F.);
#4390 = EDGE_LOOP('',(#4391,#4392,#4393,#4401));
#4391 = ORIENTED_EDGE('',*,*,#1419,.T.);
#4392 = ORIENTED_EDGE('',*,*,#4378,.T.);
#4393 = ORIENTED_EDGE('',*,*,#4394,.T.);
#4394 = EDGE_CURVE('',#4371,#4395,#4397,.T.);
#4395 = VERTEX_POINT('',#4396);
#4396 = CARTESIAN_POINT('',(245.476883,-185.543488,6.));
#4397 = LINE('',#4398,#4399);
#4398 = CARTESIAN_POINT('',(244.537949,-189.903168,6.));
#4399 = VECTOR('',#4400,1.);
#4400 = DIRECTION('',(0.2105402183,0.977585196532,0.));
#4401 = ORIENTED_EDGE('',*,*,#4402,.F.);
#4402 = EDGE_CURVE('',#1412,#4395,#4403,.T.);
#4403 = LINE('',#4404,#4405);
#4404 = CARTESIAN_POINT('',(245.476883,-185.543488,4.));
#4405 = VECTOR('',#4406,1.);
#4406 = DIRECTION('',(0.,0.,1.));
#4407 = PLANE('',#4408);
#4408 = AXIS2_PLACEMENT_3D('',#4409,#4410,#4411);
#4409 = CARTESIAN_POINT('',(244.537949,-189.903168,4.));
#4410 = DIRECTION('',(-0.977585196532,0.2105402183,0.));
#4411 = DIRECTION('',(0.2105402183,0.977585196532,0.));
#4412 = ADVANCED_FACE('',(#4413),#4431,.F.);
#4413 = FACE_BOUND('',#4414,.F.);
#4414 = EDGE_LOOP('',(#4415,#4416,#4417,#4425));
#4415 = ORIENTED_EDGE('',*,*,#1411,.T.);
#4416 = ORIENTED_EDGE('',*,*,#4402,.T.);
#4417 = ORIENTED_EDGE('',*,*,#4418,.T.);
#4418 = EDGE_CURVE('',#4395,#4419,#4421,.T.);
#4419 = VERTEX_POINT('',#4420);
#4420 = CARTESIAN_POINT('',(247.189606,-185.543488,6.));
#4421 = LINE('',#4422,#4423);
#4422 = CARTESIAN_POINT('',(245.476883,-185.543488,6.));
#4423 = VECTOR('',#4424,1.);
#4424 = DIRECTION('',(1.,0.,0.));
#4425 = ORIENTED_EDGE('',*,*,#4426,.F.);
#4426 = EDGE_CURVE('',#1404,#4419,#4427,.T.);
#4427 = LINE('',#4428,#4429);
#4428 = CARTESIAN_POINT('',(247.189606,-185.543488,4.));
#4429 = VECTOR('',#4430,1.);
#4430 = DIRECTION('',(0.,0.,1.));
#4431 = PLANE('',#4432);
#4432 = AXIS2_PLACEMENT_3D('',#4433,#4434,#4435);
#4433 = CARTESIAN_POINT('',(245.476883,-185.543488,4.));
#4434 = DIRECTION('',(0.,1.,0.));
#4435 = DIRECTION('',(1.,0.,0.));
#4436 = ADVANCED_FACE('',(#4437),#4455,.F.);
#4437 = FACE_BOUND('',#4438,.F.);
#4438 = EDGE_LOOP('',(#4439,#4440,#4441,#4449));
#4439 = ORIENTED_EDGE('',*,*,#1403,.T.);
#4440 = ORIENTED_EDGE('',*,*,#4426,.T.);
#4441 = ORIENTED_EDGE('',*,*,#4442,.T.);
#4442 = EDGE_CURVE('',#4419,#4443,#4445,.T.);
#4443 = VERTEX_POINT('',#4444);
#4444 = CARTESIAN_POINT('',(248.011658,-190.136719,6.));
#4445 = LINE('',#4446,#4447);
#4446 = CARTESIAN_POINT('',(247.189606,-185.543488,6.));
#4447 = VECTOR('',#4448,1.);
#4448 = DIRECTION('',(0.176171139503,-0.984359553012,0.));
#4449 = ORIENTED_EDGE('',*,*,#4450,.F.);
#4450 = EDGE_CURVE('',#1396,#4443,#4451,.T.);
#4451 = LINE('',#4452,#4453);
#4452 = CARTESIAN_POINT('',(248.011658,-190.136719,4.));
#4453 = VECTOR('',#4454,1.);
#4454 = DIRECTION('',(0.,0.,1.));
#4455 = PLANE('',#4456);
#4456 = AXIS2_PLACEMENT_3D('',#4457,#4458,#4459);
#4457 = CARTESIAN_POINT('',(247.189606,-185.543488,4.));
#4458 = DIRECTION('',(0.984359553012,0.176171139503,0.));
#4459 = DIRECTION('',(0.176171139503,-0.984359553012,0.));
#4460 = ADVANCED_FACE('',(#4461),#4479,.T.);
#4461 = FACE_BOUND('',#4462,.T.);
#4462 = EDGE_LOOP('',(#4463,#4464,#4472,#4478));
#4463 = ORIENTED_EDGE('',*,*,#1395,.T.);
#4464 = ORIENTED_EDGE('',*,*,#4465,.T.);
#4465 = EDGE_CURVE('',#1388,#4466,#4468,.T.);
#4466 = VERTEX_POINT('',#4467);
#4467 = CARTESIAN_POINT('',(250.011658,-190.136719,6.));
#4468 = LINE('',#4469,#4470);
#4469 = CARTESIAN_POINT('',(250.011658,-190.136719,4.));
#4470 = VECTOR('',#4471,1.);
#4471 = DIRECTION('',(0.,0.,1.));
#4472 = ORIENTED_EDGE('',*,*,#4473,.T.);
#4473 = EDGE_CURVE('',#4466,#4443,#4474,.T.);
#4474 = LINE('',#4475,#4476);
#4475 = CARTESIAN_POINT('',(250.011658,-190.136719,6.));
#4476 = VECTOR('',#4477,1.);
#4477 = DIRECTION('',(-1.,0.,0.));
#4478 = ORIENTED_EDGE('',*,*,#4450,.F.);
#4479 = PLANE('',#4480);
#4480 = AXIS2_PLACEMENT_3D('',#4481,#4482,#4483);
#4481 = CARTESIAN_POINT('',(250.011658,-190.136719,4.));
#4482 = DIRECTION('',(0.,-1.,0.));
#4483 = DIRECTION('',(-1.,0.,0.));
#4484 = ADVANCED_FACE('',(#4485),#4503,.T.);
#4485 = FACE_BOUND('',#4486,.T.);
#4486 = EDGE_LOOP('',(#4487,#4488,#4496,#4502));
#4487 = ORIENTED_EDGE('',*,*,#1387,.T.);
#4488 = ORIENTED_EDGE('',*,*,#4489,.T.);
#4489 = EDGE_CURVE('',#1380,#4490,#4492,.T.);
#4490 = VERTEX_POINT('',#4491);
#4491 = CARTESIAN_POINT('',(247.301666,-177.25235,6.));
#4492 = LINE('',#4493,#4494);
#4493 = CARTESIAN_POINT('',(247.301666,-177.25235,4.));
#4494 = VECTOR('',#4495,1.);
#4495 = DIRECTION('',(0.,0.,1.));
#4496 = ORIENTED_EDGE('',*,*,#4497,.T.);
#4497 = EDGE_CURVE('',#4490,#4466,#4498,.T.);
#4498 = LINE('',#4499,#4500);
#4499 = CARTESIAN_POINT('',(247.301666,-177.25235,6.));
#4500 = VECTOR('',#4501,1.);
#4501 = DIRECTION('',(0.205828167096,-0.978588149136,0.));
#4502 = ORIENTED_EDGE('',*,*,#4465,.F.);
#4503 = PLANE('',#4504);
#4504 = AXIS2_PLACEMENT_3D('',#4505,#4506,#4507);
#4505 = CARTESIAN_POINT('',(247.301666,-177.25235,4.));
#4506 = DIRECTION('',(0.978588149136,0.205828167096,0.));
#4507 = DIRECTION('',(0.205828167096,-0.978588149136,0.));
#4508 = ADVANCED_FACE('',(#4509),#4520,.T.);
#4509 = FACE_BOUND('',#4510,.T.);
#4510 = EDGE_LOOP('',(#4511,#4512,#4513,#4519));
#4511 = ORIENTED_EDGE('',*,*,#1379,.T.);
#4512 = ORIENTED_EDGE('',*,*,#4354,.T.);
#4513 = ORIENTED_EDGE('',*,*,#4514,.T.);
#4514 = EDGE_CURVE('',#4347,#4490,#4515,.T.);
#4515 = LINE('',#4516,#4517);
#4516 = CARTESIAN_POINT('',(245.301666,-177.25235,6.));
#4517 = VECTOR('',#4518,1.);
#4518 = DIRECTION('',(1.,0.,0.));
#4519 = ORIENTED_EDGE('',*,*,#4489,.F.);
#4520 = PLANE('',#4521);
#4521 = AXIS2_PLACEMENT_3D('',#4522,#4523,#4524);
#4522 = CARTESIAN_POINT('',(245.301666,-177.25235,4.));
#4523 = DIRECTION('',(0.,1.,0.));
#4524 = DIRECTION('',(1.,0.,0.));
#4525 = ADVANCED_FACE('',(#4526),#4536,.T.);
#4526 = FACE_BOUND('',#4527,.F.);
#4527 = EDGE_LOOP('',(#4528,#4529,#4530,#4531,#4532,#4533,#4534,#4535));
#4528 = ORIENTED_EDGE('',*,*,#1802,.T.);
#4529 = ORIENTED_EDGE('',*,*,#1826,.T.);
#4530 = ORIENTED_EDGE('',*,*,#1874,.T.);
#4531 = ORIENTED_EDGE('',*,*,#1922,.T.);
#4532 = ORIENTED_EDGE('',*,*,#1970,.F.);
#4533 = ORIENTED_EDGE('',*,*,#1946,.F.);
#4534 = ORIENTED_EDGE('',*,*,#1898,.F.);
#4535 = ORIENTED_EDGE('',*,*,#1850,.F.);
#4536 = PLANE('',#4537);
#4537 = AXIS2_PLACEMENT_3D('',#4538,#4539,#4540);
#4538 = CARTESIAN_POINT('',(170.98010536594,-183.3001255697,6.));
#4539 = DIRECTION('',(0.,0.,1.));
#4540 = DIRECTION('',(1.,0.,0.));
#4541 = ADVANCED_FACE('',(#4542,#4552),#4578,.T.);
#4542 = FACE_BOUND('',#4543,.F.);
#4543 = EDGE_LOOP('',(#4544,#4545,#4546,#4547,#4548,#4549,#4550,#4551));
#4544 = ORIENTED_EDGE('',*,*,#1994,.T.);
#4545 = ORIENTED_EDGE('',*,*,#2018,.T.);
#4546 = ORIENTED_EDGE('',*,*,#2066,.T.);
#4547 = ORIENTED_EDGE('',*,*,#2114,.T.);
#4548 = ORIENTED_EDGE('',*,*,#2162,.T.);
#4549 = ORIENTED_EDGE('',*,*,#2145,.T.);
#4550 = ORIENTED_EDGE('',*,*,#2097,.T.);
#4551 = ORIENTED_EDGE('',*,*,#2049,.T.);
#4552 = FACE_BOUND('',#4553,.F.);
#4553 = EDGE_LOOP('',(#4554,#4564,#4572));
#4554 = ORIENTED_EDGE('',*,*,#4555,.T.);
#4555 = EDGE_CURVE('',#4556,#4558,#4560,.T.);
#4556 = VERTEX_POINT('',#4557);
#4557 = CARTESIAN_POINT('',(160.493683,-183.596069,6.));
#4558 = VERTEX_POINT('',#4559);
#4559 = CARTESIAN_POINT('',(162.187073,-183.596069,6.));
#4560 = LINE('',#4561,#4562);
#4561 = CARTESIAN_POINT('',(160.493683,-183.596069,6.));
#4562 = VECTOR('',#4563,1.);
#4563 = DIRECTION('',(1.,0.,0.));
#4564 = ORIENTED_EDGE('',*,*,#4565,.T.);
#4565 = EDGE_CURVE('',#4558,#4566,#4568,.T.);
#4566 = VERTEX_POINT('',#4567);
#4567 = CARTESIAN_POINT('',(161.518631,-179.184326,6.));
#4568 = LINE('',#4569,#4570);
#4569 = CARTESIAN_POINT('',(162.187073,-183.596069,6.));
#4570 = VECTOR('',#4571,1.);
#4571 = DIRECTION('',(-0.149804523022,0.988715633983,0.));
#4572 = ORIENTED_EDGE('',*,*,#4573,.T.);
#4573 = EDGE_CURVE('',#4566,#4556,#4574,.T.);
#4574 = LINE('',#4575,#4576);
#4575 = CARTESIAN_POINT('',(161.518631,-179.184326,6.));
#4576 = VECTOR('',#4577,1.);
#4577 = DIRECTION('',(-0.226295914226,-0.974058601525,0.));
#4578 = PLANE('',#4579);
#4579 = AXIS2_PLACEMENT_3D('',#4580,#4581,#4582);
#4580 = CARTESIAN_POINT('',(170.98010536594,-183.3001255697,6.));
#4581 = DIRECTION('',(0.,0.,1.));
#4582 = DIRECTION('',(1.,0.,0.));
#4583 = ADVANCED_FACE('',(#4584),#4600,.T.);
#4584 = FACE_BOUND('',#4585,.T.);
#4585 = EDGE_LOOP('',(#4586,#4587,#4588,#4589,#4590,#4591,#4592,#4593,
    #4594,#4595,#4596,#4597,#4598,#4599));
#4586 = ORIENTED_EDGE('',*,*,#2241,.T.);
#4587 = ORIENTED_EDGE('',*,*,#2186,.T.);
#4588 = ORIENTED_EDGE('',*,*,#2210,.T.);
#4589 = ORIENTED_EDGE('',*,*,#2258,.T.);
#4590 = ORIENTED_EDGE('',*,*,#2306,.T.);
#4591 = ORIENTED_EDGE('',*,*,#2354,.T.);
#4592 = ORIENTED_EDGE('',*,*,#2402,.T.);
#4593 = ORIENTED_EDGE('',*,*,#2450,.T.);
#4594 = ORIENTED_EDGE('',*,*,#2498,.T.);
#4595 = ORIENTED_EDGE('',*,*,#2481,.T.);
#4596 = ORIENTED_EDGE('',*,*,#2433,.T.);
#4597 = ORIENTED_EDGE('',*,*,#2385,.T.);
#4598 = ORIENTED_EDGE('',*,*,#2337,.T.);
#4599 = ORIENTED_EDGE('',*,*,#2289,.T.);
#4600 = PLANE('',#4601);
#4601 = AXIS2_PLACEMENT_3D('',#4602,#4603,#4604);
#4602 = CARTESIAN_POINT('',(170.98010536594,-183.3001255697,6.));
#4603 = DIRECTION('',(0.,0.,1.));
#4604 = DIRECTION('',(1.,0.,0.));
#4605 = ADVANCED_FACE('',(#4606),#4618,.T.);
#4606 = FACE_BOUND('',#4607,.F.);
#4607 = EDGE_LOOP('',(#4608,#4609,#4610,#4611,#4612,#4613,#4614,#4615,
    #4616,#4617));
#4608 = ORIENTED_EDGE('',*,*,#2522,.T.);
#4609 = ORIENTED_EDGE('',*,*,#2738,.T.);
#4610 = ORIENTED_EDGE('',*,*,#2721,.T.);
#4611 = ORIENTED_EDGE('',*,*,#2697,.T.);
#4612 = ORIENTED_EDGE('',*,*,#2673,.T.);
#4613 = ORIENTED_EDGE('',*,*,#2649,.T.);
#4614 = ORIENTED_EDGE('',*,*,#2625,.T.);
#4615 = ORIENTED_EDGE('',*,*,#2601,.T.);
#4616 = ORIENTED_EDGE('',*,*,#2577,.T.);
#4617 = ORIENTED_EDGE('',*,*,#2553,.T.);
#4618 = PLANE('',#4619);
#4619 = AXIS2_PLACEMENT_3D('',#4620,#4621,#4622);
#4620 = CARTESIAN_POINT('',(224.60637232033,-183.6693264341,6.));
#4621 = DIRECTION('',(0.,0.,1.));
#4622 = DIRECTION('',(1.,0.,0.));
#4623 = ADVANCED_FACE('',(#4624),#4638,.T.);
#4624 = FACE_BOUND('',#4625,.T.);
#4625 = EDGE_LOOP('',(#4626,#4627,#4628,#4629,#4630,#4631,#4632,#4633,
    #4634,#4635,#4636,#4637));
#4626 = ORIENTED_EDGE('',*,*,#2817,.T.);
#4627 = ORIENTED_EDGE('',*,*,#2762,.T.);
#4628 = ORIENTED_EDGE('',*,*,#2786,.T.);
#4629 = ORIENTED_EDGE('',*,*,#2842,.T.);
#4630 = ORIENTED_EDGE('',*,*,#2890,.T.);
#4631 = ORIENTED_EDGE('',*,*,#2937,.F.);
#4632 = ORIENTED_EDGE('',*,*,#2985,.F.);
#4633 = ORIENTED_EDGE('',*,*,#3026,.F.);
#4634 = ORIENTED_EDGE('',*,*,#3002,.F.);
#4635 = ORIENTED_EDGE('',*,*,#2954,.F.);
#4636 = ORIENTED_EDGE('',*,*,#2906,.F.);
#4637 = ORIENTED_EDGE('',*,*,#2858,.F.);
#4638 = PLANE('',#4639);
#4639 = AXIS2_PLACEMENT_3D('',#4640,#4641,#4642);
#4640 = CARTESIAN_POINT('',(170.98010536594,-183.3001255697,6.));
#4641 = DIRECTION('',(0.,0.,1.));
#4642 = DIRECTION('',(1.,0.,0.));
#4643 = ADVANCED_FACE('',(#4644),#4658,.T.);
#4644 = FACE_BOUND('',#4645,.F.);
#4645 = EDGE_LOOP('',(#4646,#4647,#4648,#4649,#4650,#4651,#4652,#4653,
    #4654,#4655,#4656,#4657));
#4646 = ORIENTED_EDGE('',*,*,#3050,.T.);
#4647 = ORIENTED_EDGE('',*,*,#3074,.T.);
#4648 = ORIENTED_EDGE('',*,*,#3122,.T.);
#4649 = ORIENTED_EDGE('',*,*,#3170,.T.);
#4650 = ORIENTED_EDGE('',*,*,#3225,.F.);
#4651 = ORIENTED_EDGE('',*,*,#3273,.F.);
#4652 = ORIENTED_EDGE('',*,*,#3314,.F.);
#4653 = ORIENTED_EDGE('',*,*,#3290,.F.);
#4654 = ORIENTED_EDGE('',*,*,#3242,.F.);
#4655 = ORIENTED_EDGE('',*,*,#3194,.F.);
#4656 = ORIENTED_EDGE('',*,*,#3146,.F.);
#4657 = ORIENTED_EDGE('',*,*,#3098,.F.);
#4658 = PLANE('',#4659);
#4659 = AXIS2_PLACEMENT_3D('',#4660,#4661,#4662);
#4660 = CARTESIAN_POINT('',(170.98010536594,-183.3001255697,6.));
#4661 = DIRECTION('',(0.,0.,1.));
#4662 = DIRECTION('',(1.,0.,0.));
#4663 = ADVANCED_FACE('',(#4664),#4678,.T.);
#4664 = FACE_BOUND('',#4665,.F.);
#4665 = EDGE_LOOP('',(#4666,#4667,#4668,#4669,#4670,#4671,#4672,#4673,
    #4674,#4675,#4676,#4677));
#4666 = ORIENTED_EDGE('',*,*,#3338,.T.);
#4667 = ORIENTED_EDGE('',*,*,#3602,.T.);
#4668 = ORIENTED_EDGE('',*,*,#3585,.T.);
#4669 = ORIENTED_EDGE('',*,*,#3561,.T.);
#4670 = ORIENTED_EDGE('',*,*,#3537,.T.);
#4671 = ORIENTED_EDGE('',*,*,#3513,.T.);
#4672 = ORIENTED_EDGE('',*,*,#3489,.T.);
#4673 = ORIENTED_EDGE('',*,*,#3458,.F.);
#4674 = ORIENTED_EDGE('',*,*,#3434,.F.);
#4675 = ORIENTED_EDGE('',*,*,#3410,.F.);
#4676 = ORIENTED_EDGE('',*,*,#3386,.F.);
#4677 = ORIENTED_EDGE('',*,*,#3362,.F.);
#4678 = PLANE('',#4679);
#4679 = AXIS2_PLACEMENT_3D('',#4680,#4681,#4682);
#4680 = CARTESIAN_POINT('',(224.60637232033,-183.6693264341,6.));
#4681 = DIRECTION('',(0.,0.,1.));
#4682 = DIRECTION('',(1.,0.,0.));
#4683 = ADVANCED_FACE('',(#4684),#4696,.T.);
#4684 = FACE_BOUND('',#4685,.F.);
#4685 = EDGE_LOOP('',(#4686,#4687,#4688,#4689,#4690,#4691,#4692,#4693,
    #4694,#4695));
#4686 = ORIENTED_EDGE('',*,*,#3626,.T.);
#4687 = ORIENTED_EDGE('',*,*,#3842,.T.);
#4688 = ORIENTED_EDGE('',*,*,#3825,.T.);
#4689 = ORIENTED_EDGE('',*,*,#3801,.T.);
#4690 = ORIENTED_EDGE('',*,*,#3777,.T.);
#4691 = ORIENTED_EDGE('',*,*,#3753,.T.);
#4692 = ORIENTED_EDGE('',*,*,#3729,.T.);
#4693 = ORIENTED_EDGE('',*,*,#3705,.T.);
#4694 = ORIENTED_EDGE('',*,*,#3681,.T.);
#4695 = ORIENTED_EDGE('',*,*,#3657,.T.);
#4696 = PLANE('',#4697);
#4697 = AXIS2_PLACEMENT_3D('',#4698,#4699,#4700);
#4698 = CARTESIAN_POINT('',(224.60637232033,-183.6693264341,6.));
#4699 = DIRECTION('',(0.,0.,1.));
#4700 = DIRECTION('',(1.,0.,0.));
#4701 = ADVANCED_FACE('',(#4702),#4724,.T.);
#4702 = FACE_BOUND('',#4703,.F.);
#4703 = EDGE_LOOP('',(#4704,#4705,#4706,#4707,#4708,#4709,#4710,#4711,
    #4712,#4713,#4714,#4715,#4716,#4717,#4718,#4719,#4720,#4721,#4722,
    #4723));
#4704 = ORIENTED_EDGE('',*,*,#3866,.T.);
#4705 = ORIENTED_EDGE('',*,*,#4322,.T.);
#4706 = ORIENTED_EDGE('',*,*,#4305,.T.);
#4707 = ORIENTED_EDGE('',*,*,#4274,.F.);
#4708 = ORIENTED_EDGE('',*,*,#4250,.F.);
#4709 = ORIENTED_EDGE('',*,*,#4226,.F.);
#4710 = ORIENTED_EDGE('',*,*,#4202,.F.);
#4711 = ORIENTED_EDGE('',*,*,#4178,.F.);
#4712 = ORIENTED_EDGE('',*,*,#4154,.F.);
#4713 = ORIENTED_EDGE('',*,*,#4130,.F.);
#4714 = ORIENTED_EDGE('',*,*,#4106,.F.);
#4715 = ORIENTED_EDGE('',*,*,#4082,.F.);
#4716 = ORIENTED_EDGE('',*,*,#4058,.F.);
#4717 = ORIENTED_EDGE('',*,*,#4034,.F.);
#4718 = ORIENTED_EDGE('',*,*,#4010,.F.);
#4719 = ORIENTED_EDGE('',*,*,#3986,.F.);
#4720 = ORIENTED_EDGE('',*,*,#3962,.F.);
#4721 = ORIENTED_EDGE('',*,*,#3938,.F.);
#4722 = ORIENTED_EDGE('',*,*,#3914,.F.);
#4723 = ORIENTED_EDGE('',*,*,#3890,.F.);
#4724 = PLANE('',#4725);
#4725 = AXIS2_PLACEMENT_3D('',#4726,#4727,#4728);
#4726 = CARTESIAN_POINT('',(224.60637232033,-183.6693264341,6.));
#4727 = DIRECTION('',(0.,0.,1.));
#4728 = DIRECTION('',(1.,0.,0.));
#4729 = ADVANCED_FACE('',(#4730,#4740),#4766,.T.);
#4730 = FACE_BOUND('',#4731,.F.);
#4731 = EDGE_LOOP('',(#4732,#4733,#4734,#4735,#4736,#4737,#4738,#4739));
#4732 = ORIENTED_EDGE('',*,*,#4346,.T.);
#4733 = ORIENTED_EDGE('',*,*,#4514,.T.);
#4734 = ORIENTED_EDGE('',*,*,#4497,.T.);
#4735 = ORIENTED_EDGE('',*,*,#4473,.T.);
#4736 = ORIENTED_EDGE('',*,*,#4442,.F.);
#4737 = ORIENTED_EDGE('',*,*,#4418,.F.);
#4738 = ORIENTED_EDGE('',*,*,#4394,.F.);
#4739 = ORIENTED_EDGE('',*,*,#4370,.F.);
#4740 = FACE_BOUND('',#4741,.F.);
#4741 = EDGE_LOOP('',(#4742,#4752,#4760));
#4742 = ORIENTED_EDGE('',*,*,#4743,.T.);
#4743 = EDGE_CURVE('',#4744,#4746,#4748,.T.);
#4744 = VERTEX_POINT('',#4745);
#4745 = CARTESIAN_POINT('',(245.749359,-183.519363,6.));
#4746 = VERTEX_POINT('',#4747);
#4747 = CARTESIAN_POINT('',(247.07283,-183.519363,6.));
#4748 = LINE('',#4749,#4750);
#4749 = CARTESIAN_POINT('',(245.749359,-183.519363,6.));
#4750 = VECTOR('',#4751,1.);
#4751 = DIRECTION('',(1.,0.,0.));
#4752 = ORIENTED_EDGE('',*,*,#4753,.T.);
#4753 = EDGE_CURVE('',#4746,#4754,#4756,.T.);
#4754 = VERTEX_POINT('',#4755);
#4755 = CARTESIAN_POINT('',(246.527878,-179.081848,6.));
#4756 = LINE('',#4757,#4758);
#4757 = CARTESIAN_POINT('',(247.07283,-183.519363,6.));
#4758 = VECTOR('',#4759,1.);
#4759 = DIRECTION('',(-0.121889983304,0.992543617163,0.));
#4760 = ORIENTED_EDGE('',*,*,#4761,.T.);
#4761 = EDGE_CURVE('',#4754,#4744,#4762,.T.);
#4762 = LINE('',#4763,#4764);
#4763 = CARTESIAN_POINT('',(246.527878,-179.081848,6.));
#4764 = VECTOR('',#4765,1.);
#4765 = DIRECTION('',(-0.172801113788,-0.984956737666,0.));
#4766 = PLANE('',#4767);
#4767 = AXIS2_PLACEMENT_3D('',#4768,#4769,#4770);
#4768 = CARTESIAN_POINT('',(224.60637232033,-183.6693264341,6.));
#4769 = DIRECTION('',(0.,0.,1.));
#4770 = DIRECTION('',(1.,0.,0.));
#4771 = ADVANCED_FACE('',(#4772),#4797,.T.);
#4772 = FACE_BOUND('',#4773,.T.);
#4773 = EDGE_LOOP('',(#4774,#4784,#4790,#4791));
#4774 = ORIENTED_EDGE('',*,*,#4775,.T.);
#4775 = EDGE_CURVE('',#4776,#4778,#4780,.T.);
#4776 = VERTEX_POINT('',#4777);
#4777 = CARTESIAN_POINT('',(162.187073,-183.596069,5.));
#4778 = VERTEX_POINT('',#4779);
#4779 = CARTESIAN_POINT('',(160.493683,-183.596069,5.));
#4780 = LINE('',#4781,#4782);
#4781 = CARTESIAN_POINT('',(200.24230941472,-183.596069,5.));
#4782 = VECTOR('',#4783,1.);
#4783 = DIRECTION('',(-1.,0.,0.));
#4784 = ORIENTED_EDGE('',*,*,#4785,.T.);
#4785 = EDGE_CURVE('',#4778,#4556,#4786,.T.);
#4786 = LINE('',#4787,#4788);
#4787 = CARTESIAN_POINT('',(160.493683,-183.596069,4.));
#4788 = VECTOR('',#4789,1.);
#4789 = DIRECTION('',(0.,0.,1.));
#4790 = ORIENTED_EDGE('',*,*,#4555,.T.);
#4791 = ORIENTED_EDGE('',*,*,#4792,.F.);
#4792 = EDGE_CURVE('',#4776,#4558,#4793,.T.);
#4793 = LINE('',#4794,#4795);
#4794 = CARTESIAN_POINT('',(162.187073,-183.596069,4.));
#4795 = VECTOR('',#4796,1.);
#4796 = DIRECTION('',(0.,0.,1.));
#4797 = PLANE('',#4798);
#4798 = AXIS2_PLACEMENT_3D('',#4799,#4800,#4801);
#4799 = CARTESIAN_POINT('',(160.493683,-183.596069,4.));
#4800 = DIRECTION('',(0.,1.,0.));
#4801 = DIRECTION('',(1.,0.,0.));
#4802 = ADVANCED_FACE('',(#4803),#4821,.T.);
#4803 = FACE_BOUND('',#4804,.T.);
#4804 = EDGE_LOOP('',(#4805,#4813,#4814,#4815));
#4805 = ORIENTED_EDGE('',*,*,#4806,.T.);
#4806 = EDGE_CURVE('',#4807,#4776,#4809,.T.);
#4807 = VERTEX_POINT('',#4808);
#4808 = CARTESIAN_POINT('',(161.518631,-179.184326,5.));
#4809 = LINE('',#4810,#4811);
#4810 = CARTESIAN_POINT('',(166.95978465123,-215.0961501115,5.));
#4811 = VECTOR('',#4812,1.);
#4812 = DIRECTION('',(0.149804523022,-0.988715633983,0.));
#4813 = ORIENTED_EDGE('',*,*,#4792,.T.);
#4814 = ORIENTED_EDGE('',*,*,#4565,.T.);
#4815 = ORIENTED_EDGE('',*,*,#4816,.F.);
#4816 = EDGE_CURVE('',#4807,#4566,#4817,.T.);
#4817 = LINE('',#4818,#4819);
#4818 = CARTESIAN_POINT('',(161.518631,-179.184326,4.));
#4819 = VECTOR('',#4820,1.);
#4820 = DIRECTION('',(0.,0.,1.));
#4821 = PLANE('',#4822);
#4822 = AXIS2_PLACEMENT_3D('',#4823,#4824,#4825);
#4823 = CARTESIAN_POINT('',(162.187073,-183.596069,4.));
#4824 = DIRECTION('',(-0.988715633983,-0.149804523022,0.));
#4825 = DIRECTION('',(-0.149804523022,0.988715633983,0.));
#4826 = ADVANCED_FACE('',(#4827),#4838,.T.);
#4827 = FACE_BOUND('',#4828,.T.);
#4828 = EDGE_LOOP('',(#4829,#4835,#4836,#4837));
#4829 = ORIENTED_EDGE('',*,*,#4830,.T.);
#4830 = EDGE_CURVE('',#4778,#4807,#4831,.T.);
#4831 = LINE('',#4832,#4833);
#4832 = CARTESIAN_POINT('',(157.23809147562,-197.6093000307,5.));
#4833 = VECTOR('',#4834,1.);
#4834 = DIRECTION('',(0.226295914226,0.974058601525,0.));
#4835 = ORIENTED_EDGE('',*,*,#4816,.T.);
#4836 = ORIENTED_EDGE('',*,*,#4573,.T.);
#4837 = ORIENTED_EDGE('',*,*,#4785,.F.);
#4838 = PLANE('',#4839);
#4839 = AXIS2_PLACEMENT_3D('',#4840,#4841,#4842);
#4840 = CARTESIAN_POINT('',(161.518631,-179.184326,4.));
#4841 = DIRECTION('',(0.974058601525,-0.226295914226,0.));
#4842 = DIRECTION('',(-0.226295914226,-0.974058601525,0.));
#4843 = ADVANCED_FACE('',(#4844),#4869,.T.);
#4844 = FACE_BOUND('',#4845,.T.);
#4845 = EDGE_LOOP('',(#4846,#4856,#4862,#4863));
#4846 = ORIENTED_EDGE('',*,*,#4847,.T.);
#4847 = EDGE_CURVE('',#4848,#4850,#4852,.T.);
#4848 = VERTEX_POINT('',#4849);
#4849 = CARTESIAN_POINT('',(247.07283,-183.519363,5.));
#4850 = VERTEX_POINT('',#4851);
#4851 = CARTESIAN_POINT('',(245.749359,-183.519363,5.));
#4852 = LINE('',#4853,#4854);
#4853 = CARTESIAN_POINT('',(242.87014741472,-183.519363,5.));
#4854 = VECTOR('',#4855,1.);
#4855 = DIRECTION('',(-1.,0.,0.));
#4856 = ORIENTED_EDGE('',*,*,#4857,.T.);
#4857 = EDGE_CURVE('',#4850,#4744,#4858,.T.);
#4858 = LINE('',#4859,#4860);
#4859 = CARTESIAN_POINT('',(245.749359,-183.519363,4.));
#4860 = VECTOR('',#4861,1.);
#4861 = DIRECTION('',(0.,0.,1.));
#4862 = ORIENTED_EDGE('',*,*,#4743,.T.);
#4863 = ORIENTED_EDGE('',*,*,#4864,.F.);
#4864 = EDGE_CURVE('',#4848,#4746,#4865,.T.);
#4865 = LINE('',#4866,#4867);
#4866 = CARTESIAN_POINT('',(247.07283,-183.519363,4.));
#4867 = VECTOR('',#4868,1.);
#4868 = DIRECTION('',(0.,0.,1.));
#4869 = PLANE('',#4870);
#4870 = AXIS2_PLACEMENT_3D('',#4871,#4872,#4873);
#4871 = CARTESIAN_POINT('',(245.749359,-183.519363,4.));
#4872 = DIRECTION('',(0.,1.,0.));
#4873 = DIRECTION('',(1.,0.,0.));
#4874 = ADVANCED_FACE('',(#4875),#4893,.T.);
#4875 = FACE_BOUND('',#4876,.T.);
#4876 = EDGE_LOOP('',(#4877,#4885,#4886,#4887));
#4877 = ORIENTED_EDGE('',*,*,#4878,.T.);
#4878 = EDGE_CURVE('',#4879,#4848,#4881,.T.);
#4879 = VERTEX_POINT('',#4880);
#4880 = CARTESIAN_POINT('',(246.527878,-179.081848,5.));
#4881 = LINE('',#4882,#4883);
#4882 = CARTESIAN_POINT('',(250.21017569234,-209.0666012337,5.));
#4883 = VECTOR('',#4884,1.);
#4884 = DIRECTION('',(0.121889983304,-0.992543617163,0.));
#4885 = ORIENTED_EDGE('',*,*,#4864,.T.);
#4886 = ORIENTED_EDGE('',*,*,#4753,.T.);
#4887 = ORIENTED_EDGE('',*,*,#4888,.F.);
#4888 = EDGE_CURVE('',#4879,#4754,#4889,.T.);
#4889 = LINE('',#4890,#4891);
#4890 = CARTESIAN_POINT('',(246.527878,-179.081848,4.));
#4891 = VECTOR('',#4892,1.);
#4892 = DIRECTION('',(0.,0.,1.));
#4893 = PLANE('',#4894);
#4894 = AXIS2_PLACEMENT_3D('',#4895,#4896,#4897);
#4895 = CARTESIAN_POINT('',(247.07283,-183.519363,4.));
#4896 = DIRECTION('',(-0.992543617163,-0.121889983304,0.));
#4897 = DIRECTION('',(-0.121889983304,0.992543617163,0.));
#4898 = ADVANCED_FACE('',(#4899),#4910,.T.);
#4899 = FACE_BOUND('',#4900,.T.);
#4900 = EDGE_LOOP('',(#4901,#4907,#4908,#4909));
#4901 = ORIENTED_EDGE('',*,*,#4902,.T.);
#4902 = EDGE_CURVE('',#4850,#4879,#4903,.T.);
#4903 = LINE('',#4904,#4905);
#4904 = CARTESIAN_POINT('',(241.56487539463,-207.3706868162,5.));
#4905 = VECTOR('',#4906,1.);
#4906 = DIRECTION('',(0.172801113788,0.984956737666,0.));
#4907 = ORIENTED_EDGE('',*,*,#4888,.T.);
#4908 = ORIENTED_EDGE('',*,*,#4761,.T.);
#4909 = ORIENTED_EDGE('',*,*,#4857,.F.);
#4910 = PLANE('',#4911);
#4911 = AXIS2_PLACEMENT_3D('',#4912,#4913,#4914);
#4912 = CARTESIAN_POINT('',(246.527878,-179.081848,4.));
#4913 = DIRECTION('',(0.984956737666,-0.172801113788,0.));
#4914 = DIRECTION('',(-0.172801113788,-0.984956737666,0.));
#4915 = ADVANCED_FACE('',(#4916),#4921,.T.);
#4916 = FACE_BOUND('',#4917,.T.);
#4917 = EDGE_LOOP('',(#4918,#4919,#4920));
#4918 = ORIENTED_EDGE('',*,*,#4775,.F.);
#4919 = ORIENTED_EDGE('',*,*,#4806,.F.);
#4920 = ORIENTED_EDGE('',*,*,#4830,.F.);
#4921 = PLANE('',#4922);
#4922 = AXIS2_PLACEMENT_3D('',#4923,#4924,#4925);
#4923 = CARTESIAN_POINT('',(239.99093582945,-236.2541038973,5.));
#4924 = DIRECTION('',(0.,0.,1.));
#4925 = DIRECTION('',(1.,0.,0.));
#4926 = ADVANCED_FACE('',(#4927),#4932,.T.);
#4927 = FACE_BOUND('',#4928,.T.);
#4928 = EDGE_LOOP('',(#4929,#4930,#4931));
#4929 = ORIENTED_EDGE('',*,*,#4847,.F.);
#4930 = ORIENTED_EDGE('',*,*,#4878,.F.);
#4931 = ORIENTED_EDGE('',*,*,#4902,.F.);
#4932 = PLANE('',#4933);
#4933 = AXIS2_PLACEMENT_3D('',#4934,#4935,#4936);
#4934 = CARTESIAN_POINT('',(239.99093582945,-236.2541038973,5.));
#4935 = DIRECTION('',(0.,0.,1.));
#4936 = DIRECTION('',(1.,0.,0.));
#4937 = ( GEOMETRIC_REPRESENTATION_CONTEXT(3) 
GLOBAL_UNCERTAINTY_ASSIGNED_CONTEXT((#4941)) 
GLOBAL_UNIT_ASSIGNED_CONTEXT((#4938,#4939,#4940)) REPRESENTATION_CONTEXT
('Context #1','3D Context with UNIT and UNCERTAINTY') );
#4938 = ( LENGTH_UNIT() NAMED_UNIT(*) SI_UNIT(.MILLI.,.METRE.) );
#4939 = ( NAMED_UNIT(*) PLANE_ANGLE_UNIT() SI_UNIT($,.RADIAN.) );
#4940 = ( NAMED_UNIT(*) SI_UNIT($,.STERADIAN.) SOLID_ANGLE_UNIT() );
#4941 = UNCERTAINTY_MEASURE_WITH_UNIT(LENGTH_MEASURE(5.E-05),#4938,
  'distance_accuracy_value','confusion accuracy');
#4942 = PRODUCT_RELATED_PRODUCT_CATEGORY('part',$,(#7));
#4943 = MECHANICAL_DESIGN_GEOMETRIC_PRESENTATION_REPRESENTATION('',(
    #4944),#4937);
#4944 = STYLED_ITEM('color',(#4945),#15);
#4945 = PRESENTATION_STYLE_ASSIGNMENT((#4946,#4954));
#4946 = SURFACE_STYLE_USAGE(.BOTH.,#4947);
#4947 = SURFACE_SIDE_STYLE('',(#4948,#4952));
#4948 = SURFACE_STYLE_FILL_AREA(#4949);
#4949 = FILL_AREA_STYLE('',(#4950));
#4950 = FILL_AREA_STYLE_COLOUR('',#4951);
#4951 = COLOUR_RGB('',0.447058818107,0.474509808674,0.501960817233);
#4952 = SURFACE_STYLE_RENDERING_WITH_PROPERTIES(.NORMAL_SHADING.,#4951,(
    #4953));
#4953 = SURFACE_STYLE_TRANSPARENT(0.699999988079);
#4954 = CURVE_STYLE('',#4955,POSITIVE_LENGTH_MEASURE(0.1),#4956);
#4955 = DRAUGHTING_PRE_DEFINED_CURVE_FONT('continuous');
#4956 = COLOUR_RGB('',9.803921802644E-02,9.803921802644E-02,
  9.803921802644E-02);
ENDSEC;
END-ISO-10303-21;
